datetime,count
2011-01-20 00:00:00,11.03
2011-01-20 01:00:00,5.115
2011-01-20 02:00:00,4.175
2011-01-20 03:00:00,3.63
2011-01-20 04:00:00,3.055
2011-01-20 05:00:00,5.75
2011-01-20 06:00:00,35.78
2011-01-20 07:00:00,96.005
2011-01-20 08:00:00,219.535
2011-01-20 09:00:00,128.305
2011-01-20 10:00:00,59.72
2011-01-20 11:00:00,59.615
2011-01-20 12:00:00,77.245
2011-01-20 13:00:00,70.33
2011-01-20 14:00:00,73.495
2011-01-20 15:00:00,76.81
2011-01-20 16:00:00,90.165
2011-01-20 17:00:00,202.15
2011-01-20 18:00:00,175.705
2011-01-20 19:00:00,101.31
2011-01-20 20:00:00,68.5
2011-01-20 21:00:00,54.53
2011-01-20 22:00:00,43.465
2011-01-20 23:00:00,22.54
2011-01-21 00:00:00,14.565
2011-01-21 01:00:00,6.855
2011-01-21 02:00:00,5.165
2011-01-21 03:00:00,2.62
2011-01-21 04:00:00,2.26
2011-01-21 05:00:00,3.865
2011-01-21 06:00:00,32.31
2011-01-21 07:00:00,93.575
2011-01-21 08:00:00,202.515
2011-01-21 09:00:00,128.835
2011-01-21 10:00:00,50.675
2011-01-21 11:00:00,63.855
2011-01-21 12:00:00,72.015
2011-01-21 13:00:00,68.6
2011-01-21 14:00:00,66.805
2011-01-21 15:00:00,61.8
2011-01-21 16:00:00,96.215
2011-01-21 17:00:00,154.875
2011-01-21 18:00:00,152.59
2011-01-21 19:00:00,106.18
2011-01-21 20:00:00,50.195
2011-01-21 21:00:00,40.895
2011-01-21 22:00:00,32.69
2011-01-21 23:00:00,20.045
2011-01-22 00:00:00,23.335
2011-01-22 01:00:00,16.395
2011-01-22 02:00:00,12.82
2011-01-22 03:00:00,7.47
2011-01-22 04:00:00,2.46
2011-01-22 06:00:00,4.265
2011-01-22 07:00:00,14.395
2011-01-22 08:00:00,20.375
2011-01-22 09:00:00,31.795
2011-01-22 10:00:00,42.935
2011-01-22 11:00:00,46.925
2011-01-22 12:00:00,51.105
2011-01-22 13:00:00,71.46
2011-01-22 14:00:00,62.355
2011-01-22 15:00:00,67.205
2011-01-22 16:00:00,61.2
2011-01-22 17:00:00,69.02
2011-01-22 18:00:00,46.33
2011-01-22 19:00:00,42.07
2011-01-22 20:00:00,40.12
2011-01-22 21:00:00,38.485
2011-01-22 22:00:00,28.57
2011-01-22 23:00:00,17.81
2011-01-23 00:00:00,27.46
2011-01-23 01:00:00,19.835
2011-01-23 02:00:00,15.375
2011-01-23 03:00:00,11.735
2011-01-23 05:00:00,2.54
2011-01-23 06:00:00,2.16
2011-01-23 07:00:00,8.86
2011-01-23 08:00:00,16.815
2011-01-23 09:00:00,27.9
2011-01-23 10:00:00,43.77
2011-01-23 11:00:00,48.65
2011-01-23 12:00:00,64.075
2011-01-23 13:00:00,59.48
2011-01-23 14:00:00,67.02
2011-01-23 15:00:00,66.795
2011-01-23 16:00:00,67.74
2011-01-23 17:00:00,59.24
2011-01-23 18:00:00,52.54
2011-01-23 19:00:00,47.135
2011-01-23 20:00:00,36.9
2011-01-23 21:00:00,33.28
2011-01-23 22:00:00,19.755
2011-01-23 23:00:00,14.015
2011-01-24 00:00:00,10.17
2011-01-24 01:00:00,4.195
2011-01-24 03:00:00,1.745
2011-01-24 04:00:00,2.255
2011-01-24 05:00:00,5.625
2011-01-24 06:00:00,30.57
2011-01-24 07:00:00,80.74
2011-01-24 08:00:00,178.95
2011-01-24 09:00:00,103.305
2011-01-24 10:00:00,42.925
2011-01-24 11:00:00,39.33
2011-01-24 12:00:00,46.5
2011-01-24 13:00:00,47.43
2011-01-24 14:00:00,44.755
2011-01-24 15:00:00,59.025
2011-01-24 16:00:00,75.87
2011-01-24 17:00:00,156.81
2011-01-24 18:00:00,151.745
2011-01-24 19:00:00,96.705
2011-01-24 20:00:00,52.94
2011-01-24 21:00:00,48.61
2011-01-24 22:00:00,25.12
2011-01-24 23:00:00,17.8
2011-01-25 00:00:00,8.575
2011-01-25 01:00:00,3.385
2011-01-25 02:00:00,2.195
2011-01-25 04:00:00,1.93
2011-01-25 05:00:00,4.665
2011-01-25 06:00:00,33.665
2011-01-25 07:00:00,81.07
2011-01-25 08:00:00,193.91
2011-01-25 09:00:00,116.44
2011-01-25 10:00:00,54.725
2011-01-25 11:00:00,56.84
2011-01-25 12:00:00,70.01
2011-01-25 13:00:00,69.6
2011-01-25 14:00:00,72.435
2011-01-25 15:00:00,73.525
2011-01-25 16:00:00,95.215
2011-01-25 17:00:00,207.14
2011-01-25 18:00:00,194.955
2011-01-25 19:00:00,110.87
2011-01-25 20:00:00,67.21
2011-01-25 21:00:00,53.53
2011-01-25 22:00:00,37.255
2011-01-25 23:00:00,18.25
2011-01-26 00:00:00,8.355
2011-01-26 01:00:00,5.38
2011-01-26 02:00:00,2.97
2011-01-26 05:00:00,3.255
2011-01-26 06:00:00,26.305
2011-01-26 07:00:00,73.08
2011-01-26 08:00:00,162.79
2011-01-26 09:00:00,82.055
2011-01-26 10:00:00,41.075
2011-01-26 11:00:00,37.705
2011-01-26 12:00:00,35.33
2011-01-26 13:00:00,38.135
2011-01-26 14:00:00,37.58
2011-01-26 15:00:00,35.09
2011-01-26 16:00:00,60.435
2011-01-26 17:00:00,116.005
2011-01-27 16:00:00,78.185
2011-01-27 17:00:00,169.79
2011-01-27 18:00:00,139.795
2011-01-27 19:00:00,98.8
2011-01-27 20:00:00,58.505
2011-01-27 21:00:00,49.93
2011-01-27 22:00:00,38.765
2011-01-27 23:00:00,18.775
2011-01-28 00:00:00,13.41
2011-01-28 01:00:00,6.72
2011-01-28 02:00:00,2.57
2011-01-28 03:00:00,1.995
2011-01-28 05:00:00,5.79
2011-01-28 06:00:00,30.915
2011-01-28 07:00:00,85.6
2011-01-28 08:00:00,204.365
2011-01-28 09:00:00,89.085
2011-01-28 10:00:00,39.375
2011-01-28 11:00:00,39.695
2011-01-28 12:00:00,41.835
2011-01-28 13:00:00,43.93
2011-01-28 14:00:00,55.32
2011-01-28 15:00:00,54.47
2011-01-28 16:00:00,84.65
2011-01-28 17:00:00,163.145
2011-01-28 18:00:00,150.685
2011-01-28 19:00:00,102.745
2011-01-28 20:00:00,64.83
2011-01-28 21:00:00,48.355
2011-01-28 22:00:00,41.305
2011-01-28 23:00:00,22.095
2011-01-29 00:00:00,26.6
2011-01-29 01:00:00,21.52
2011-01-29 02:00:00,17.655
2011-01-29 03:00:00,11.02
2011-01-29 04:00:00,3.235
2011-01-29 06:00:00,3.11
2011-01-29 07:00:00,11.27
2011-01-29 08:00:00,20.32
2011-01-29 09:00:00,36.84
2011-01-29 10:00:00,56.9
2011-01-29 11:00:00,58.77
2011-01-29 12:00:00,76.46
2011-01-29 13:00:00,79.785
2011-01-29 14:00:00,70.4
2011-01-29 15:00:00,69.84
2011-01-29 16:00:00,74.035
2011-01-29 17:00:00,71.295
2011-01-29 18:00:00,67.23
2011-01-29 19:00:00,67.05
2011-01-29 20:00:00,57.41
2011-01-29 21:00:00,45.875
2011-01-29 22:00:00,30.945
2011-01-29 23:00:00,18.465
2011-01-30 00:00:00,27.37
2011-01-30 01:00:00,26.055
2011-01-30 02:00:00,21.0
2011-01-30 03:00:00,11.185
2011-01-30 04:00:00,4.92
2011-01-30 05:00:00,4.26
2011-01-30 07:00:00,10.99
2011-01-30 08:00:00,15.625
2011-01-30 09:00:00,29.52
2011-01-30 10:00:00,49.58
2011-01-30 11:00:00,57.21
2011-01-30 12:00:00,105.645
2011-01-30 13:00:00,73.945
2011-01-30 14:00:00,76.575
2011-01-30 15:00:00,95.125
2011-01-30 16:00:00,86.11
2011-01-30 17:00:00,79.64
2011-01-30 18:00:00,51.875
2011-01-30 19:00:00,37.15
2011-01-30 20:00:00,36.71
2011-01-30 21:00:00,37.6
2011-01-30 22:00:00,20.5
2011-01-30 23:00:00,13.54
2011-01-31 00:00:00,10.965
2011-01-31 01:00:00,3.29
2011-01-31 02:00:00,2.64
2011-01-31 03:00:00,2.46
2011-01-31 04:00:00,2.16
2011-01-31 05:00:00,2.53
2011-01-31 06:00:00,32.325
2011-01-31 07:00:00,80.955
2011-01-31 08:00:00,169.775
2011-01-31 09:00:00,92.365
2011-01-31 10:00:00,43.57
2011-01-31 11:00:00,43.53
2011-01-31 12:00:00,54.89
2011-01-31 13:00:00,54.6
2011-01-31 14:00:00,52.18
2011-01-31 15:00:00,55.71
2011-01-31 16:00:00,76.435
2011-01-31 17:00:00,161.465
2011-01-31 18:00:00,150.57
2011-01-31 19:00:00,127.935
2011-01-31 20:00:00,60.42
2011-01-31 21:00:00,41.105
2011-01-31 22:00:00,28.815
2011-01-31 23:00:00,17.725
2011-02-20 00:00:00,37.495
2011-02-20 01:00:00,26.93
2011-02-20 02:00:00,17.92
2011-02-20 03:00:00,8.51
2011-02-20 04:00:00,2.815
2011-02-20 06:00:00,2.805
2011-02-20 07:00:00,10.52
2011-02-20 08:00:00,19.62
2011-02-20 09:00:00,43.94
2011-02-20 10:00:00,89.88
2011-02-20 11:00:00,104.495
2011-02-20 12:00:00,121.53
2011-02-20 13:00:00,161.305
2011-02-20 14:00:00,140.07
2011-02-20 15:00:00,148.005
2011-02-20 16:00:00,140.84
2011-02-20 17:00:00,121.4
2011-02-20 18:00:00,99.34
2011-02-20 19:00:00,81.495
2011-02-20 20:00:00,78.265
2011-02-20 21:00:00,62.53
2011-02-20 22:00:00,48.82
2011-02-20 23:00:00,40.72
2011-02-21 00:00:00,23.665
2011-02-21 01:00:00,19.535
2011-02-21 02:00:00,9.945
2011-02-21 03:00:00,4.585
2011-02-21 04:00:00,3.71
2011-02-21 05:00:00,6.865
2011-02-21 06:00:00,21.875
2011-02-21 07:00:00,90.34
2011-02-21 08:00:00,48.155
2011-02-21 09:00:00,61.43
2011-02-21 10:00:00,82.07
2011-02-21 11:00:00,86.115
2011-02-21 12:00:00,93.38
2011-02-21 13:00:00,60.99
2011-02-21 14:00:00,93.965
2011-02-21 15:00:00,88.23
2011-02-21 16:00:00,69.045
2011-02-21 17:00:00,78.71
2011-02-21 18:00:00,69.37
2011-02-21 19:00:00,67.14
2011-02-21 20:00:00,56.04
2011-02-21 21:00:00,44.63
2011-02-21 22:00:00,27.86
2011-02-21 23:00:00,18.9
2011-02-22 06:00:00,32.415
2011-02-22 07:00:00,87.955
2011-02-22 08:00:00,199.895
2011-02-22 09:00:00,115.61
2011-02-22 10:00:00,48.93
2011-02-22 11:00:00,51.185
2011-02-22 12:00:00,63.085
2011-02-22 13:00:00,74.97
2011-02-22 14:00:00,75.465
2011-02-22 15:00:00,77.93
2011-02-22 16:00:00,76.985
2011-02-22 17:00:00,164.38
2011-02-22 18:00:00,160.155
2011-02-22 19:00:00,99.195
2011-02-22 20:00:00,61.045
2011-02-22 21:00:00,56.35
2011-02-22 22:00:00,32.975
2011-02-22 23:00:00,22.775
2011-02-23 00:00:00,12.055
2011-02-23 01:00:00,5.97
2011-02-23 02:00:00,2.305
2011-02-23 03:00:00,1.375
2011-02-23 05:00:00,5.92
2011-02-23 06:00:00,31.515
2011-02-23 07:00:00,86.35
2011-02-23 08:00:00,197.965
2011-02-23 09:00:00,123.47
2011-02-23 10:00:00,56.19
2011-02-23 11:00:00,61.975
2011-02-23 12:00:00,78.145
2011-02-23 13:00:00,74.315
2011-02-23 14:00:00,78.22
2011-02-23 15:00:00,80.025
2011-02-23 16:00:00,106.515
2011-02-23 17:00:00,219.205
2011-02-23 18:00:00,206.065
2011-02-23 19:00:00,131.345
2011-02-23 20:00:00,73.105
2011-02-23 21:00:00,66.92
2011-02-23 22:00:00,44.935
2011-02-23 23:00:00,30.04
2011-02-24 00:00:00,11.92
2011-02-24 01:00:00,5.47
2011-02-24 02:00:00,2.335
2011-02-24 03:00:00,1.885
2011-02-24 05:00:00,5.74
2011-02-24 06:00:00,35.8
2011-02-24 07:00:00,94.75
2011-02-24 08:00:00,242.1
2011-02-24 09:00:00,129.97
2011-02-24 10:00:00,59.585
2011-02-24 11:00:00,71.125
2011-02-24 12:00:00,88.3
2011-02-24 13:00:00,87.245
2011-02-24 14:00:00,88.19
2011-02-24 15:00:00,49.9
2011-02-24 16:00:00,91.23
2011-02-24 17:00:00,190.155
2011-02-24 18:00:00,152.11
2011-02-24 19:00:00,104.4
2011-02-24 20:00:00,69.79
2011-02-24 21:00:00,60.54
2011-02-24 22:00:00,37.41
2011-02-24 23:00:00,34.665
2011-02-25 00:00:00,12.415
2011-02-25 01:00:00,10.56
2011-02-25 02:00:00,8.52
2011-02-25 03:00:00,2.35
2011-02-25 05:00:00,7.98
2011-02-25 06:00:00,29.62
2011-02-25 07:00:00,91.715
2011-02-25 08:00:00,179.82
2011-02-25 09:00:00,85.36
2011-02-25 10:00:00,35.57
2011-02-25 11:00:00,104.155
2011-02-25 12:00:00,133.355
2011-02-25 13:00:00,130.485
2011-02-25 14:00:00,128.51
2011-02-25 15:00:00,129.325
2011-02-25 16:00:00,106.465
2011-02-25 17:00:00,183.27
2011-02-25 18:00:00,168.915
2011-02-25 19:00:00,110.425
2011-02-25 20:00:00,68.0
2011-02-25 21:00:00,55.84
2011-02-25 22:00:00,41.63
2011-02-25 23:00:00,35.07
2011-02-26 00:00:00,30.185
2011-02-26 01:00:00,22.175
2011-02-26 02:00:00,17.04
2011-02-26 03:00:00,12.81
2011-02-26 04:00:00,2.855
2011-02-26 05:00:00,2.63
2011-02-26 06:00:00,3.0
2011-02-26 07:00:00,8.15
2011-02-26 08:00:00,16.6
2011-02-26 09:00:00,56.38
2011-02-26 10:00:00,97.615
2011-02-26 11:00:00,114.585
2011-02-26 12:00:00,124.84
2011-02-26 13:00:00,140.23
2011-02-26 14:00:00,135.695
2011-02-26 15:00:00,141.65
2011-02-26 16:00:00,133.03
2011-02-26 17:00:00,122.575
2011-02-26 18:00:00,101.605
2011-02-26 19:00:00,71.91
2011-02-26 20:00:00,68.565
2011-02-26 21:00:00,52.58
2011-02-26 22:00:00,45.64
2011-02-26 23:00:00,43.575
2011-02-27 00:00:00,36.975
2011-02-27 01:00:00,30.97
2011-02-27 02:00:00,21.405
2011-02-27 03:00:00,12.3
2011-02-27 04:00:00,5.175
2011-02-27 06:00:00,2.955
2011-02-27 07:00:00,10.055
2011-02-27 08:00:00,32.06
2011-02-27 09:00:00,48.19
2011-02-27 10:00:00,79.665
2011-02-27 11:00:00,112.18
2011-02-27 12:00:00,137.815
2011-02-27 13:00:00,153.3
2011-02-27 14:00:00,162.305
2011-02-27 15:00:00,202.91
2011-02-27 16:00:00,216.6
2011-02-27 17:00:00,127.31
2011-02-27 18:00:00,104.68
2011-02-27 19:00:00,86.83
2011-02-27 20:00:00,71.005
2011-02-27 21:00:00,64.65
2011-02-27 22:00:00,51.34
2011-02-27 23:00:00,43.925
2011-02-28 00:00:00,16.055
2011-02-28 01:00:00,4.48
2011-02-28 03:00:00,2.11
2011-02-28 05:00:00,8.085
2011-02-28 06:00:00,38.745
2011-02-28 07:00:00,115.41
2011-02-28 08:00:00,232.835
2011-02-28 09:00:00,153.895
2011-02-28 10:00:00,94.725
2011-02-28 11:00:00,112.15
2011-02-28 12:00:00,128.335
2011-02-28 13:00:00,75.615
2011-02-28 14:00:00,40.16
2011-02-28 15:00:00,37.07
2011-02-28 16:00:00,98.37
2011-02-28 17:00:00,166.98
2011-02-28 18:00:00,244.98
2011-02-28 19:00:00,143.645
2011-02-28 20:00:00,48.205
2011-02-28 21:00:00,57.71
2011-02-28 22:00:00,38.11
2011-02-28 23:00:00,26.295
2011-03-20 00:00:00,39.255
2011-03-20 01:00:00,34.295
2011-03-20 02:00:00,21.14
2011-03-20 03:00:00,11.185
2011-03-20 04:00:00,3.55
2011-03-20 05:00:00,3.385
2011-03-20 06:00:00,3.245
2011-03-20 07:00:00,19.78
2011-03-20 08:00:00,45.12
2011-03-20 09:00:00,69.63
2011-03-20 10:00:00,120.69
2011-03-20 11:00:00,146.635
2011-03-20 12:00:00,159.175
2011-03-20 13:00:00,164.415
2011-03-20 14:00:00,168.725
2011-03-20 15:00:00,169.785
2011-03-20 16:00:00,162.015
2011-03-20 17:00:00,146.675
2011-03-20 18:00:00,142.835
2011-03-20 19:00:00,105.085
2011-03-20 20:00:00,86.015
2011-03-20 21:00:00,68.87
2011-03-20 22:00:00,54.8
2011-03-20 23:00:00,41.085
2011-03-21 00:00:00,14.89
2011-03-21 01:00:00,6.35
2011-03-21 02:00:00,5.745
2011-03-21 03:00:00,2.68
2011-03-21 05:00:00,5.885
2011-03-21 06:00:00,39.29
2011-03-21 07:00:00,91.495
2011-03-21 08:00:00,243.715
2011-03-21 09:00:00,140.04
2011-03-21 10:00:00,68.935
2011-03-21 11:00:00,82.685
2011-03-21 12:00:00,86.53
2011-03-21 13:00:00,126.78
2011-03-21 14:00:00,123.925
2011-03-21 15:00:00,145.82
2011-03-21 16:00:00,168.515
2011-03-21 17:00:00,366.34
2011-03-21 18:00:00,338.395
2011-03-21 19:00:00,264.21
2011-03-21 20:00:00,140.135
2011-03-21 21:00:00,80.04
2011-03-21 22:00:00,80.07
2011-03-21 23:00:00,57.805
2011-03-22 00:00:00,32.59
2011-03-22 01:00:00,8.71
2011-03-22 02:00:00,7.515
2011-03-22 03:00:00,3.56
2011-03-22 04:00:00,3.265
2011-03-22 05:00:00,11.515
2011-03-22 06:00:00,46.52
2011-03-22 07:00:00,143.99
2011-03-22 08:00:00,276.78
2011-03-22 09:00:00,147.65
2011-03-22 10:00:00,86.71
2011-03-22 11:00:00,88.01
2011-03-22 12:00:00,113.47
2011-03-22 13:00:00,119.075
2011-03-22 14:00:00,112.12
2011-03-22 15:00:00,122.29
2011-03-22 16:00:00,161.595
2011-03-22 17:00:00,342.615
2011-03-22 18:00:00,308.675
2011-03-22 19:00:00,192.55
2011-03-22 20:00:00,112.29
2011-03-22 21:00:00,92.555
2011-03-22 22:00:00,75.445
2011-03-22 23:00:00,40.93
2011-03-23 00:00:00,16.43
2011-03-23 01:00:00,7.16
2011-03-23 02:00:00,4.97
2011-03-23 03:00:00,2.585
2011-03-23 05:00:00,7.805
2011-03-23 06:00:00,46.195
2011-03-23 07:00:00,113.75
2011-03-23 08:00:00,260.91
2011-03-23 09:00:00,149.145
2011-03-23 10:00:00,63.31
2011-03-23 11:00:00,73.95
2011-03-23 12:00:00,71.435
2011-03-23 13:00:00,54.04
2011-03-23 14:00:00,100.865
2011-03-23 15:00:00,87.035
2011-03-23 16:00:00,138.44
2011-03-23 17:00:00,233.685
2011-03-23 18:00:00,187.22
2011-03-23 19:00:00,125.145
2011-03-23 20:00:00,46.47
2011-03-23 21:00:00,50.635
2011-03-23 22:00:00,42.605
2011-03-23 23:00:00,34.165
2011-03-24 00:00:00,11.85
2011-03-24 01:00:00,6.805
2011-03-24 02:00:00,5.17
2011-03-24 03:00:00,2.65
2011-03-24 04:00:00,2.17
2011-03-24 05:00:00,7.645
2011-03-24 06:00:00,39.955
2011-03-24 07:00:00,89.34
2011-03-24 08:00:00,170.515
2011-03-24 09:00:00,139.885
2011-03-24 10:00:00,55.0
2011-03-24 11:00:00,57.205
2011-03-24 12:00:00,76.22
2011-03-24 13:00:00,82.505
2011-03-24 14:00:00,80.475
2011-03-24 15:00:00,75.0
2011-03-24 16:00:00,99.3
2011-03-24 17:00:00,203.955
2011-03-24 18:00:00,186.635
2011-03-24 19:00:00,112.175
2011-03-24 20:00:00,74.925
2011-03-24 21:00:00,65.005
2011-03-24 22:00:00,52.105
2011-03-24 23:00:00,35.925
2011-03-25 00:00:00,16.03
2011-03-25 01:00:00,6.155
2011-03-25 02:00:00,3.42
2011-03-25 03:00:00,2.765
2011-03-25 04:00:00,2.0075
2011-03-25 05:00:00,8.67
2011-03-25 06:00:00,39.765
2011-03-25 07:00:00,108.39
2011-03-25 08:00:00,239.47
2011-03-25 09:00:00,144.57
2011-03-25 10:00:00,78.425
2011-03-25 11:00:00,84.24
2011-03-25 12:00:00,93.46
2011-03-25 13:00:00,91.77
2011-03-25 14:00:00,100.46
2011-03-25 15:00:00,94.3
2011-03-25 16:00:00,127.82
2011-03-25 17:00:00,213.735
2011-03-25 18:00:00,202.01
2011-03-25 19:00:00,129.63
2011-03-25 20:00:00,83.335
2011-03-25 21:00:00,74.325
2011-03-25 22:00:00,49.98
2011-03-25 23:00:00,39.11
2011-03-26 00:00:00,32.0
2011-03-26 01:00:00,27.345
2011-03-26 02:00:00,17.39
2011-03-26 03:00:00,10.81
2011-03-26 04:00:00,3.975
2011-03-26 05:00:00,3.635
2011-03-26 06:00:00,9.285
2011-03-26 07:00:00,22.33
2011-03-26 08:00:00,43.965
2011-03-26 09:00:00,75.865
2011-03-26 10:00:00,105.28
2011-03-26 11:00:00,112.835
2011-03-26 12:00:00,130.975
2011-03-26 13:00:00,142.835
2011-03-26 14:00:00,165.98
2011-03-26 15:00:00,173.88
2011-03-26 16:00:00,160.51
2011-03-26 17:00:00,123.905
2011-03-26 18:00:00,110.5
2011-03-26 19:00:00,76.2
2011-03-26 20:00:00,66.485
2011-03-26 21:00:00,60.68
2011-03-26 22:00:00,49.12
2011-03-26 23:00:00,39.835
2011-03-27 00:00:00,35.14
2011-03-27 01:00:00,24.89
2011-03-27 02:00:00,19.79
2011-03-27 03:00:00,11.195
2011-03-27 04:00:00,4.49
2011-03-27 06:00:00,8.015
2011-03-27 07:00:00,22.21
2011-03-27 08:00:00,34.67
2011-03-27 09:00:00,56.12
2011-03-27 10:00:00,87.075
2011-03-27 11:00:00,102.98
2011-03-27 12:00:00,117.98
2011-03-27 13:00:00,130.19
2011-03-27 14:00:00,143.705
2011-03-27 15:00:00,144.545
2011-03-27 16:00:00,177.84
2011-03-27 17:00:00,124.565
2011-03-27 18:00:00,98.47
2011-03-27 19:00:00,77.01
2011-03-27 20:00:00,62.41
2011-03-27 21:00:00,53.055
2011-03-27 22:00:00,42.28
2011-03-27 23:00:00,37.545
2011-03-28 00:00:00,11.64
2011-03-28 01:00:00,4.63
2011-03-28 02:00:00,3.095
2011-03-28 03:00:00,2.185
2011-03-28 05:00:00,7.695
2011-03-28 06:00:00,40.085
2011-03-28 07:00:00,105.945
2011-03-28 08:00:00,220.015
2011-03-28 09:00:00,129.26
2011-03-28 10:00:00,67.885
2011-03-28 11:00:00,65.015
2011-03-28 12:00:00,79.035
2011-03-28 13:00:00,79.125
2011-03-28 14:00:00,82.8
2011-03-28 15:00:00,81.65
2011-03-28 16:00:00,116.65
2011-03-28 17:00:00,239.255
2011-03-28 18:00:00,214.345
2011-03-28 19:00:00,138.34
2011-03-28 20:00:00,87.615
2011-03-28 21:00:00,76.975
2011-03-28 22:00:00,52.76
2011-03-28 23:00:00,32.49
2011-03-29 00:00:00,12.735
2011-03-29 01:00:00,3.51
2011-03-29 02:00:00,5.63
2011-03-29 03:00:00,2.795
2011-03-29 04:00:00,1.9
2011-03-29 05:00:00,6.705
2011-03-29 06:00:00,42.645
2011-03-29 07:00:00,110.775
2011-03-29 08:00:00,244.3
2011-03-29 09:00:00,140.44
2011-03-29 10:00:00,70.77
2011-03-29 11:00:00,78.065
2011-03-29 12:00:00,91.195
2011-03-29 13:00:00,84.64
2011-03-29 14:00:00,94.665
2011-03-29 15:00:00,96.53
2011-03-29 16:00:00,113.185
2011-03-29 17:00:00,244.145
2011-03-29 18:00:00,239.075
2011-03-29 19:00:00,154.9
2011-03-29 20:00:00,97.17
2011-03-29 21:00:00,79.37
2011-03-29 22:00:00,65.35
2011-03-29 23:00:00,30.64
2011-03-30 00:00:00,15.815
2011-03-30 01:00:00,9.335
2011-03-30 02:00:00,4.45
2011-03-30 03:00:00,3.415
2011-03-30 04:00:00,3.39
2011-03-30 05:00:00,8.745
2011-03-30 06:00:00,44.355
2011-03-30 07:00:00,133.65
2011-03-30 08:00:00,277.555
2011-03-30 09:00:00,153.305
2011-03-30 10:00:00,83.015
2011-03-30 11:00:00,84.425
2011-03-30 12:00:00,93.885
2011-03-30 13:00:00,97.16
2011-03-30 14:00:00,89.615
2011-03-30 15:00:00,51.055
2011-03-30 16:00:00,68.65
2011-03-30 17:00:00,142.61
2011-03-30 18:00:00,130.235
2011-03-30 19:00:00,88.265
2011-03-30 20:00:00,56.71
2011-03-30 21:00:00,59.11
2011-03-30 22:00:00,37.085
2011-03-30 23:00:00,27.205
2011-03-31 00:00:00,7.845
2011-03-31 01:00:00,5.375
2011-03-31 02:00:00,4.765
2011-03-31 03:00:00,2.955
2011-03-31 04:00:00,2.465
2011-03-31 05:00:00,8.155
2011-03-31 06:00:00,29.115
2011-03-31 07:00:00,89.325
2011-03-31 08:00:00,229.485
2011-03-31 09:00:00,99.03
2011-03-31 10:00:00,44.8
2011-03-31 11:00:00,44.765
2011-03-31 12:00:00,49.82
2011-03-31 13:00:00,53.505
2011-03-31 14:00:00,52.635
2011-03-31 15:00:00,45.19
2011-03-31 16:00:00,87.56
2011-03-31 17:00:00,168.79
2011-03-31 18:00:00,147.995
2011-03-31 19:00:00,117.525
2011-03-31 20:00:00,58.525
2011-03-31 21:00:00,64.95
2011-03-31 22:00:00,39.87
2011-03-31 23:00:00,36.41
2011-04-20 00:00:00,27.945
2011-04-20 01:00:00,8.4
2011-04-20 02:00:00,8.33
2011-04-20 03:00:00,4.1
2011-04-20 04:00:00,4.275
2011-04-20 05:00:00,12.25
2011-04-20 06:00:00,47.56
2011-04-20 07:00:00,157.635
2011-04-20 08:00:00,267.505
2011-04-20 09:00:00,207.27
2011-04-20 10:00:00,121.01
2011-04-20 11:00:00,142.72
2011-04-20 12:00:00,153.825
2011-04-20 13:00:00,149.595
2011-04-20 14:00:00,146.855
2011-04-20 15:00:00,144.915
2011-04-20 16:00:00,211.36
2011-04-20 17:00:00,361.7
2011-04-20 18:00:00,352.98
2011-04-20 19:00:00,266.53
2011-04-20 20:00:00,167.325
2011-04-20 21:00:00,157.255
2011-04-20 22:00:00,127.055
2011-04-20 23:00:00,91.925
2011-04-21 00:00:00,33.08
2011-04-21 01:00:00,16.31
2011-04-21 02:00:00,12.71
2011-04-21 03:00:00,4.17
2011-04-21 04:00:00,3.715
2011-04-21 05:00:00,8.125
2011-04-21 06:00:00,48.885
2011-04-21 07:00:00,158.945
2011-04-21 08:00:00,285.24
2011-04-21 09:00:00,171.765
2011-04-21 10:00:00,92.38
2011-04-21 11:00:00,100.325
2011-04-21 12:00:00,138.925
2011-04-21 13:00:00,121.945
2011-04-21 14:00:00,122.435
2011-04-21 15:00:00,122.025
2011-04-21 16:00:00,156.13
2011-04-21 17:00:00,326.41
2011-04-21 18:00:00,309.855
2011-04-21 19:00:00,222.295
2011-04-21 20:00:00,159.555
2011-04-21 21:00:00,118.98
2011-04-21 22:00:00,101.3
2011-04-21 23:00:00,55.76
2011-04-22 00:00:00,26.23
2011-04-22 01:00:00,19.7
2011-04-22 02:00:00,9.78
2011-04-22 03:00:00,5.985
2011-04-22 04:00:00,4.51
2011-04-22 05:00:00,8.025
2011-04-22 06:00:00,50.085
2011-04-22 07:00:00,129.1
2011-04-22 08:00:00,282.51
2011-04-22 09:00:00,111.89
2011-04-22 10:00:00,86.04
2011-04-22 11:00:00,62.915
2011-04-22 12:00:00,69.155
2011-04-22 13:00:00,47.915
2011-04-22 14:00:00,25.14
2011-04-22 15:00:00,52.84
2011-04-22 16:00:00,108.84
2011-04-22 17:00:00,146.42
2011-04-22 18:00:00,108.665
2011-04-22 19:00:00,92.89
2011-04-22 20:00:00,56.525
2011-04-22 21:00:00,57.505
2011-04-22 22:00:00,47.81
2011-04-22 23:00:00,49.71
2011-04-23 00:00:00,30.91
2011-04-23 01:00:00,25.84
2011-04-23 02:00:00,22.34
2011-04-23 03:00:00,16.49
2011-04-23 04:00:00,6.165
2011-04-23 05:00:00,6.07
2011-04-23 06:00:00,15.6
2011-04-23 07:00:00,32.245
2011-04-23 08:00:00,42.055
2011-04-23 09:00:00,55.98
2011-04-23 10:00:00,101.765
2011-04-23 11:00:00,108.74
2011-04-23 12:00:00,126.26
2011-04-23 13:00:00,129.9
2011-04-23 14:00:00,237.755
2011-04-23 15:00:00,294.155
2011-04-23 16:00:00,307.275
2011-04-23 17:00:00,297.495
2011-04-23 18:00:00,229.185
2011-04-23 19:00:00,155.505
2011-04-23 20:00:00,119.305
2011-04-23 21:00:00,124.015
2011-04-23 22:00:00,108.66
2011-04-23 23:00:00,80.19
2011-04-24 00:00:00,44.86
2011-04-24 01:00:00,34.655
2011-04-24 02:00:00,31.69
2011-04-24 03:00:00,28.34
2011-04-24 04:00:00,9.48
2011-04-24 05:00:00,10.545
2011-04-24 06:00:00,15.19
2011-04-24 07:00:00,61.34
2011-04-24 08:00:00,94.415
2011-04-24 09:00:00,111.64
2011-04-24 10:00:00,240.305
2011-04-24 11:00:00,420.005
2011-04-24 12:00:00,422.005
2011-04-24 13:00:00,425.81
2011-04-24 14:00:00,415.275
2011-04-24 15:00:00,425.75
2011-04-24 16:00:00,403.69083333333333
2011-04-24 17:00:00,427.12
2011-04-24 18:00:00,396.675
2011-04-24 19:00:00,153.13
2011-04-24 20:00:00,137.87
2011-04-24 21:00:00,86.21
2011-04-24 22:00:00,51.64
2011-04-24 23:00:00,63.98
2011-04-25 00:00:00,22.955
2011-04-25 01:00:00,12.52
2011-04-25 02:00:00,9.06
2011-04-25 03:00:00,4.095
2011-04-25 04:00:00,4.01
2011-04-25 05:00:00,13.315
2011-04-25 06:00:00,55.37
2011-04-25 07:00:00,193.705
2011-04-25 08:00:00,290.905
2011-04-25 09:00:00,201.795
2011-04-25 10:00:00,118.75
2011-04-25 11:00:00,144.51
2011-04-25 12:00:00,155.355
2011-04-25 13:00:00,151.555
2011-04-25 14:00:00,148.255
2011-04-25 15:00:00,149.31
2011-04-25 16:00:00,209.705
2011-04-25 17:00:00,398.115
2011-04-25 18:00:00,383.125
2011-04-25 19:00:00,287.23
2011-04-25 20:00:00,175.795
2011-04-25 21:00:00,151.0
2011-04-25 22:00:00,101.38
2011-04-25 23:00:00,62.305
2011-04-26 00:00:00,27.53
2011-04-26 01:00:00,12.645
2011-04-26 02:00:00,6.98
2011-04-26 03:00:00,3.765
2011-04-26 04:00:00,4.41
2011-04-26 05:00:00,8.735
2011-04-26 06:00:00,51.98
2011-04-26 07:00:00,188.345
2011-04-26 08:00:00,276.595
2011-04-26 09:00:00,203.83
2011-04-26 10:00:00,123.59
2011-04-26 11:00:00,143.535
2011-04-26 12:00:00,152.94
2011-04-26 13:00:00,149.375
2011-04-26 14:00:00,145.91
2011-04-26 15:00:00,145.36
2011-04-26 16:00:00,208.265
2011-04-26 17:00:00,391.645
2011-04-26 18:00:00,385.105
2011-04-26 19:00:00,282.085
2011-04-26 20:00:00,168.365
2011-04-26 21:00:00,114.415
2011-04-26 22:00:00,115.385
2011-04-26 23:00:00,64.285
2011-04-27 00:00:00,26.83
2011-04-27 01:00:00,13.55
2011-04-27 02:00:00,7.485
2011-04-27 03:00:00,3.68
2011-04-27 04:00:00,4.01
2011-04-27 05:00:00,9.0
2011-04-27 06:00:00,51.205
2011-04-27 07:00:00,190.98
2011-04-27 08:00:00,272.43
2011-04-27 09:00:00,185.68
2011-04-27 10:00:00,86.08
2011-04-27 11:00:00,85.965
2011-04-27 12:00:00,145.735
2011-04-27 13:00:00,95.93
2011-04-27 14:00:00,147.42
2011-04-27 15:00:00,142.81
2011-04-27 16:00:00,207.52
2011-04-27 17:00:00,360.44
2011-04-27 18:00:00,354.06
2011-04-27 19:00:00,263.905
2011-04-27 20:00:00,112.865
2011-04-27 21:00:00,112.915
2011-04-27 22:00:00,97.055
2011-04-27 23:00:00,67.11
2011-04-28 00:00:00,33.865
2011-04-28 01:00:00,15.195
2011-04-28 02:00:00,8.305
2011-04-28 03:00:00,5.405
2011-04-28 04:00:00,4.7
2011-04-28 05:00:00,9.505
2011-04-28 06:00:00,55.59
2011-04-28 07:00:00,187.165
2011-04-28 08:00:00,268.935
2011-04-28 09:00:00,188.59
2011-04-28 10:00:00,91.285
2011-04-28 11:00:00,90.665
2011-04-28 12:00:00,104.055
2011-04-28 13:00:00,94.87
2011-04-28 14:00:00,99.725
2011-04-28 15:00:00,153.285
2011-04-28 16:00:00,210.15
2011-04-28 17:00:00,362.225
2011-04-28 18:00:00,354.185
2011-04-28 19:00:00,258.565
2011-04-28 20:00:00,152.23
2011-04-28 21:00:00,151.13
2011-04-28 22:00:00,120.185
2011-04-28 23:00:00,81.25
2011-04-29 00:00:00,42.59
2011-04-29 01:00:00,22.085
2011-04-29 02:00:00,15.595
2011-04-29 03:00:00,6.685
2011-04-29 04:00:00,5.51
2011-04-29 05:00:00,13.045
2011-04-29 06:00:00,50.24
2011-04-29 07:00:00,185.155
2011-04-29 08:00:00,274.945
2011-04-29 09:00:00,175.66
2011-04-29 10:00:00,136.145
2011-04-29 11:00:00,175.715
2011-04-29 12:00:00,157.31
2011-04-29 13:00:00,153.25
2011-04-29 14:00:00,190.84
2011-04-29 15:00:00,151.735
2011-04-29 16:00:00,168.985
2011-04-29 17:00:00,332.175
2011-04-29 18:00:00,332.58
2011-04-29 19:00:00,218.625
2011-04-29 20:00:00,148.14
2011-04-29 21:00:00,142.745
2011-04-29 22:00:00,101.735
2011-04-29 23:00:00,64.825
2011-04-30 00:00:00,35.775
2011-04-30 01:00:00,29.51
2011-04-30 02:00:00,26.0
2011-04-30 03:00:00,18.37
2011-04-30 04:00:00,5.495
2011-04-30 05:00:00,5.345
2011-04-30 06:00:00,21.58
2011-04-30 07:00:00,40.89
2011-04-30 08:00:00,58.34
2011-04-30 09:00:00,151.0
2011-04-30 10:00:00,227.955
2011-04-30 11:00:00,274.96
2011-04-30 12:00:00,302.115
2011-04-30 13:00:00,319.155
2011-04-30 14:00:00,318.415
2011-04-30 15:00:00,318.94
2011-04-30 16:00:00,317.255
2011-04-30 17:00:00,270.84
2011-04-30 18:00:00,248.79
2011-04-30 19:00:00,208.065
2011-04-30 20:00:00,116.37
2011-04-30 21:00:00,96.76
2011-04-30 22:00:00,79.125
2011-04-30 23:00:00,59.22
2011-05-20 00:00:00,39.67
2011-05-20 01:00:00,19.135
2011-05-20 02:00:00,11.715
2011-05-20 03:00:00,5.7475
2011-05-20 04:00:00,5.445
2011-05-20 05:00:00,23.055
2011-05-20 06:00:00,85.665
2011-05-20 07:00:00,272.865
2011-05-20 08:00:00,455.89
2011-05-20 09:00:00,209.575
2011-05-20 10:00:00,176.515
2011-05-20 11:00:00,187.82
2011-05-20 12:00:00,254.47
2011-05-20 13:00:00,250.06
2011-05-20 14:00:00,248.215
2011-05-20 15:00:00,264.16
2011-05-20 16:00:00,351.465
2011-05-20 17:00:00,449.495
2011-05-20 18:00:00,491.925
2011-05-20 19:00:00,349.58
2011-05-20 20:00:00,231.38
2011-05-20 21:00:00,206.18
2011-05-20 22:00:00,146.865
2011-05-20 23:00:00,115.5
2011-05-21 00:00:00,99.205
2011-05-21 01:00:00,74.33
2011-05-21 02:00:00,57.34
2011-05-21 03:00:00,27.235
2011-05-21 04:00:00,8.21
2011-05-21 05:00:00,9.39
2011-05-21 06:00:00,19.78
2011-05-21 07:00:00,48.12
2011-05-21 08:00:00,108.52
2011-05-21 09:00:00,232.415
2011-05-21 10:00:00,297.415
2011-05-21 11:00:00,382.61125
2011-05-21 12:00:00,377.84
2011-05-21 13:00:00,387.1966666666667
2011-05-21 14:00:00,385.3416666666667
2011-05-21 15:00:00,397.85
2011-05-21 16:00:00,379.795
2011-05-21 17:00:00,382.525
2011-05-21 18:00:00,366.35
2011-05-21 19:00:00,338.58333333333337
2011-05-21 20:00:00,270.545
2011-05-21 21:00:00,226.45
2011-05-21 22:00:00,146.435
2011-05-21 23:00:00,117.605
2011-05-22 00:00:00,104.27
2011-05-22 01:00:00,70.42
2011-05-22 02:00:00,57.535
2011-05-22 03:00:00,30.46
2011-05-22 04:00:00,10.99
2011-05-22 05:00:00,11.965
2011-05-22 06:00:00,12.81
2011-05-22 07:00:00,54.5
2011-05-22 08:00:00,86.235
2011-05-22 09:00:00,216.935
2011-05-22 10:00:00,288.77
2011-05-22 11:00:00,385.63625
2011-05-22 12:00:00,386.405
2011-05-22 13:00:00,391.615
2011-05-22 14:00:00,361.54
2011-05-22 15:00:00,426.615
2011-05-22 16:00:00,423.605
2011-05-22 17:00:00,425.345
2011-05-22 18:00:00,404.82
2011-05-22 19:00:00,382.21
2011-05-22 20:00:00,245.23
2011-05-22 21:00:00,174.625
2011-05-22 22:00:00,128.665
2011-05-22 23:00:00,94.5
2011-05-23 00:00:00,29.02
2011-05-23 01:00:00,18.625
2011-05-23 02:00:00,6.415
2011-05-23 03:00:00,4.525
2011-05-23 04:00:00,5.055
2011-05-23 05:00:00,18.54
2011-05-23 06:00:00,94.055
2011-05-23 07:00:00,248.075
2011-05-23 08:00:00,392.195
2011-05-23 09:00:00,185.46
2011-05-23 10:00:00,121.49
2011-05-23 11:00:00,148.25
2011-05-23 12:00:00,185.48
2011-05-23 13:00:00,179.91
2011-05-23 14:00:00,158.465
2011-05-23 15:00:00,161.9
2011-05-23 16:00:00,281.04
2011-05-23 17:00:00,491.705
2011-05-23 18:00:00,493.395
2011-05-23 19:00:00,386.665
2011-05-23 20:00:00,214.475
2011-05-23 21:00:00,144.675
2011-05-23 22:00:00,103.815
2011-05-23 23:00:00,75.715
2011-05-24 00:00:00,23.295
2011-05-24 01:00:00,12.5
2011-05-24 02:00:00,7.675
2011-05-24 03:00:00,4.41
2011-05-24 04:00:00,5.325
2011-05-24 05:00:00,18.45
2011-05-24 06:00:00,107.12
2011-05-24 07:00:00,119.645
2011-05-24 08:00:00,251.005
2011-05-24 09:00:00,204.05
2011-05-24 10:00:00,121.565
2011-05-24 11:00:00,145.41
2011-05-24 12:00:00,180.995
2011-05-24 13:00:00,186.01
2011-05-24 14:00:00,165.055
2011-05-24 15:00:00,168.95
2011-05-24 16:00:00,289.13
2011-05-24 17:00:00,477.15
2011-05-24 18:00:00,509.25
2011-05-24 19:00:00,370.375
2011-05-24 20:00:00,277.66
2011-05-24 21:00:00,218.015
2011-05-24 22:00:00,98.095
2011-05-24 23:00:00,72.405
2011-05-25 00:00:00,24.495
2011-05-25 01:00:00,12.705
2011-05-25 02:00:00,8.775
2011-05-25 03:00:00,4.69
2011-05-25 04:00:00,4.94
2011-05-25 05:00:00,21.86
2011-05-25 06:00:00,101.67
2011-05-25 07:00:00,318.195
2011-05-25 08:00:00,429.695
2011-05-25 09:00:00,209.285
2011-05-25 10:00:00,122.885
2011-05-25 11:00:00,146.32
2011-05-25 12:00:00,191.275
2011-05-25 13:00:00,184.07
2011-05-25 14:00:00,161.97
2011-05-25 15:00:00,170.635
2011-05-25 16:00:00,286.58
2011-05-25 17:00:00,516.805
2011-05-25 18:00:00,480.74
2011-05-25 19:00:00,399.3
2011-05-25 20:00:00,307.61
2011-05-25 21:00:00,212.62
2011-05-25 22:00:00,147.575
2011-05-25 23:00:00,84.2
2011-05-26 00:00:00,58.66
2011-05-26 01:00:00,29.04
2011-05-26 02:00:00,11.045
2011-05-26 03:00:00,5.155
2011-05-26 04:00:00,5.545
2011-05-26 05:00:00,20.355
2011-05-26 06:00:00,91.035
2011-05-26 07:00:00,236.325
2011-05-26 08:00:00,430.895
2011-05-26 09:00:00,204.46
2011-05-26 10:00:00,117.1
2011-05-26 11:00:00,148.485
2011-05-26 12:00:00,187.035
2011-05-26 13:00:00,167.375
2011-05-26 14:00:00,163.045
2011-05-26 15:00:00,162.345
2011-05-26 16:00:00,261.975
2011-05-26 17:00:00,508.885
2011-05-26 18:00:00,481.16
2011-05-26 19:00:00,364.505
2011-05-26 20:00:00,298.88
2011-05-26 21:00:00,199.39
2011-05-26 22:00:00,147.43
2011-05-26 23:00:00,117.17
2011-05-27 00:00:00,65.45
2011-05-27 01:00:00,26.17
2011-05-27 02:00:00,15.37
2011-05-27 03:00:00,6.175
2011-05-27 04:00:00,5.485
2011-05-27 05:00:00,25.42
2011-05-27 06:00:00,103.08
2011-05-27 07:00:00,277.775
2011-05-27 08:00:00,449.365
2011-05-27 09:00:00,211.405
2011-05-27 10:00:00,160.985
2011-05-27 11:00:00,164.635
2011-05-27 12:00:00,223.425
2011-05-27 13:00:00,222.46
2011-05-27 14:00:00,216.44
2011-05-27 15:00:00,220.465
2011-05-27 16:00:00,321.765
2011-05-27 17:00:00,523.48
2011-05-27 18:00:00,444.23
2011-05-27 19:00:00,307.255
2011-05-27 20:00:00,225.105
2011-05-27 21:00:00,177.94
2011-05-27 22:00:00,148.71
2011-05-27 23:00:00,120.775
2011-05-28 00:00:00,103.75
2011-05-28 01:00:00,83.265
2011-05-28 02:00:00,56.71
2011-05-28 03:00:00,28.015
2011-05-28 04:00:00,8.92
2011-05-28 05:00:00,10.255
2011-05-28 06:00:00,24.645
2011-05-28 07:00:00,51.23
2011-05-28 08:00:00,107.59
2011-05-28 09:00:00,233.805
2011-05-28 10:00:00,302.95
2011-05-28 11:00:00,414.075
2011-05-28 12:00:00,420.305
2011-05-28 13:00:00,429.655
2011-05-28 14:00:00,422.11
2011-05-28 15:00:00,404.87625
2011-05-28 16:00:00,399.04
2011-05-28 17:00:00,407.1823333333333
2011-05-28 18:00:00,390.29
2011-05-28 19:00:00,362.85
2011-05-28 20:00:00,258.94
2011-05-28 21:00:00,214.625
2011-05-28 22:00:00,184.88
2011-05-28 23:00:00,139.3
2011-05-29 00:00:00,111.44
2011-05-29 01:00:00,86.985
2011-05-29 02:00:00,60.73
2011-05-29 03:00:00,28.225
2011-05-29 04:00:00,9.84
2011-05-29 05:00:00,12.55
2011-05-29 06:00:00,13.645
2011-05-29 07:00:00,51.47
2011-05-29 08:00:00,89.485
2011-05-29 09:00:00,113.22
2011-05-29 10:00:00,252.88
2011-05-29 11:00:00,286.49
2011-05-29 12:00:00,311.345
2011-05-29 13:00:00,427.38
2011-05-29 14:00:00,420.43
2011-05-29 15:00:00,421.38
2011-05-29 16:00:00,418.79
2011-05-29 17:00:00,418.02
2011-05-29 18:00:00,280.135
2011-05-29 19:00:00,278.13
2011-05-29 20:00:00,234.085
2011-05-29 21:00:00,172.84
2011-05-29 22:00:00,149.44
2011-05-29 23:00:00,123.655
2011-05-30 00:00:00,96.165
2011-05-30 01:00:00,85.575
2011-05-30 02:00:00,51.85
2011-05-30 03:00:00,26.76
2011-05-30 04:00:00,15.375
2011-05-30 05:00:00,10.01
2011-05-30 06:00:00,48.605
2011-05-30 07:00:00,98.645
2011-05-30 08:00:00,137.445
2011-05-30 09:00:00,223.865
2011-05-30 10:00:00,281.305
2011-05-30 11:00:00,395.785
2011-05-30 12:00:00,388.805
2011-05-30 13:00:00,392.275
2011-05-30 14:00:00,406.145
2011-05-30 15:00:00,373.755
2011-05-30 16:00:00,378.81
2011-05-30 17:00:00,380.09
2011-05-30 18:00:00,378.16
2011-05-30 19:00:00,251.4
2011-05-30 20:00:00,386.565
2011-05-30 21:00:00,290.975
2011-05-30 22:00:00,200.01
2011-05-30 23:00:00,123.795
2011-05-31 00:00:00,31.865
2011-05-31 01:00:00,19.105
2011-05-31 02:00:00,7.955
2011-05-31 03:00:00,3.855
2011-05-31 04:00:00,5.475
2011-05-31 05:00:00,21.02
2011-05-31 06:00:00,109.74
2011-05-31 07:00:00,304.295
2011-05-31 08:00:00,445.08
2011-05-31 09:00:00,188.66
2011-05-31 10:00:00,123.4
2011-05-31 11:00:00,127.13
2011-05-31 12:00:00,153.455
2011-05-31 13:00:00,148.85
2011-05-31 14:00:00,139.97
2011-05-31 15:00:00,145.38
2011-05-31 16:00:00,232.335
2011-05-31 17:00:00,517.59
2011-05-31 18:00:00,511.26
2011-05-31 19:00:00,368.545
2011-05-31 20:00:00,278.74
2011-05-31 21:00:00,215.305
2011-05-31 22:00:00,146.855
2011-05-31 23:00:00,72.355
2011-06-20 00:00:00,30.215
2011-06-20 01:00:00,15.935
2011-06-20 02:00:00,7.475
2011-06-20 03:00:00,3.85
2011-06-20 04:00:00,4.785
2011-06-20 05:00:00,19.285
2011-06-20 06:00:00,93.765
2011-06-20 07:00:00,113.74
2011-06-20 08:00:00,245.455
2011-06-20 09:00:00,203.02
2011-06-20 10:00:00,119.735
2011-06-20 11:00:00,122.68
2011-06-20 12:00:00,180.765
2011-06-20 13:00:00,182.12
2011-06-20 14:00:00,167.225
2011-06-20 15:00:00,166.875
2011-06-20 16:00:00,287.21
2011-06-20 17:00:00,515.22
2011-06-20 18:00:00,534.56
2011-06-20 19:00:00,389.54
2011-06-20 20:00:00,305.11
2011-06-20 21:00:00,202.63
2011-06-20 22:00:00,116.45
2011-06-20 23:00:00,83.875
2011-06-21 00:00:00,29.885
2011-06-21 01:00:00,11.835
2011-06-21 02:00:00,6.385
2011-06-21 03:00:00,4.78
2011-06-21 04:00:00,5.285
2011-06-21 05:00:00,19.54
2011-06-21 06:00:00,117.175
2011-06-21 07:00:00,264.495
2011-06-21 08:00:00,427.54
2011-06-21 09:00:00,189.575
2011-06-21 10:00:00,116.06
2011-06-21 11:00:00,141.225
2011-06-21 12:00:00,159.435
2011-06-21 13:00:00,167.915
2011-06-21 14:00:00,157.53
2011-06-21 15:00:00,164.225
2011-06-21 16:00:00,279.535
2011-06-21 17:00:00,550.905
2011-06-21 18:00:00,513.255
2011-06-21 19:00:00,348.965
2011-06-21 20:00:00,205.03
2011-06-21 21:00:00,225.635
2011-06-21 22:00:00,158.935
2011-06-21 23:00:00,76.385
2011-06-22 00:00:00,34.325
2011-06-22 01:00:00,17.91
2011-06-22 02:00:00,8.485
2011-06-22 03:00:00,5.1
2011-06-22 04:00:00,5.7
2011-06-22 05:00:00,24.74
2011-06-22 06:00:00,109.02
2011-06-22 07:00:00,300.88
2011-06-22 08:00:00,437.355
2011-06-22 09:00:00,193.02
2011-06-22 10:00:00,123.735
2011-06-22 11:00:00,145.39
2011-06-22 12:00:00,167.945
2011-06-22 13:00:00,160.455
2011-06-22 14:00:00,159.71
2011-06-22 15:00:00,158.425
2011-06-22 16:00:00,258.24
2011-06-22 17:00:00,493.78
2011-06-22 18:00:00,474.335
2011-06-22 19:00:00,358.445
2011-06-22 20:00:00,288.275
2011-06-22 21:00:00,222.52
2011-06-22 22:00:00,168.1
2011-06-22 23:00:00,91.115
2011-06-23 00:00:00,42.825
2011-06-23 01:00:00,20.83
2011-06-23 02:00:00,9.575
2011-06-23 03:00:00,5.13
2011-06-23 04:00:00,5.975
2011-06-23 05:00:00,25.99
2011-06-23 06:00:00,120.47
2011-06-23 07:00:00,318.065
2011-06-23 08:00:00,431.1
2011-06-23 09:00:00,207.115
2011-06-23 10:00:00,127.32
2011-06-23 11:00:00,126.715
2011-06-23 12:00:00,171.265
2011-06-23 13:00:00,176.25
2011-06-23 14:00:00,159.845
2011-06-23 15:00:00,169.96
2011-06-23 16:00:00,286.62
2011-06-23 17:00:00,494.96
2011-06-23 18:00:00,512.715
2011-06-23 19:00:00,373.04
2011-06-23 20:00:00,313.88
2011-06-23 21:00:00,220.84
2011-06-23 22:00:00,162.63
2011-06-23 23:00:00,122.765
2011-06-24 00:00:00,56.995
2011-06-24 01:00:00,23.555
2011-06-24 02:00:00,11.655
2011-06-24 03:00:00,5.975
2011-06-24 04:00:00,5.75
2011-06-24 05:00:00,24.875
2011-06-24 06:00:00,102.215
2011-06-24 07:00:00,285.27
2011-06-24 08:00:00,448.125
2011-06-24 09:00:00,227.0
2011-06-24 10:00:00,138.4
2011-06-24 11:00:00,165.21
2011-06-24 12:00:00,215.345
2011-06-24 13:00:00,213.1
2011-06-24 14:00:00,222.44
2011-06-24 15:00:00,210.3
2011-06-24 16:00:00,333.95
2011-06-24 17:00:00,559.58
2011-06-24 18:00:00,483.3
2011-06-24 19:00:00,385.12
2011-06-24 20:00:00,293.16
2011-06-24 21:00:00,234.015
2011-06-24 22:00:00,207.795
2011-06-24 23:00:00,141.87
2011-06-25 00:00:00,125.395
2011-06-25 01:00:00,87.48
2011-06-25 02:00:00,58.47
2011-06-25 03:00:00,34.035
2011-06-25 04:00:00,9.97
2011-06-25 05:00:00,10.43
2011-06-25 06:00:00,32.775
2011-06-25 07:00:00,113.25
2011-06-25 08:00:00,186.44
2011-06-25 09:00:00,216.775
2011-06-25 10:00:00,303.19
2011-06-25 11:00:00,386.4795833333334
2011-06-25 12:00:00,425.18
2011-06-25 13:00:00,427.74
2011-06-25 14:00:00,431.58
2011-06-25 15:00:00,407.20791666666673
2011-06-25 16:00:00,434.705
2011-06-25 17:00:00,424.8725
2011-06-25 18:00:00,399.1325
2011-06-25 19:00:00,366.54
2011-06-25 20:00:00,286.905
2011-06-25 21:00:00,231.175
2011-06-25 22:00:00,206.01
2011-06-25 23:00:00,152.825
2011-06-26 00:00:00,102.785
2011-06-26 01:00:00,92.495
2011-06-26 02:00:00,72.37
2011-06-26 03:00:00,34.13
2011-06-26 04:00:00,11.755
2011-06-26 05:00:00,11.885
2011-06-26 06:00:00,26.84
2011-06-26 07:00:00,56.21
2011-06-26 08:00:00,126.63
2011-06-26 09:00:00,200.73
2011-06-26 10:00:00,293.68
2011-06-26 11:00:00,391.16
2011-06-26 12:00:00,403.28
2011-06-26 13:00:00,397.3216666666667
2011-06-26 14:00:00,401.285
2011-06-26 15:00:00,396.8883333333334
2011-06-26 16:00:00,403.6591666666667
2011-06-26 17:00:00,392.90166666666664
2011-06-26 18:00:00,390.735
2011-06-26 19:00:00,344.55
2011-06-26 20:00:00,266.75
2011-06-26 21:00:00,206.485
2011-06-26 22:00:00,215.915
2011-06-26 23:00:00,135.1
2011-06-27 00:00:00,43.28
2011-06-27 01:00:00,11.135
2011-06-27 02:00:00,10.81
2011-06-27 03:00:00,5.11
2011-06-27 04:00:00,5.72
2011-06-27 05:00:00,20.065
2011-06-27 06:00:00,111.875
2011-06-27 07:00:00,308.005
2011-06-27 08:00:00,389.49
2011-06-27 09:00:00,197.065
2011-06-27 10:00:00,122.435
2011-06-27 11:00:00,154.095
2011-06-27 12:00:00,186.85
2011-06-27 13:00:00,172.525
2011-06-27 14:00:00,159.31
2011-06-27 15:00:00,162.315
2011-06-27 16:00:00,283.465
2011-06-27 17:00:00,557.78
2011-06-27 18:00:00,516.005
2011-06-27 19:00:00,400.145
2011-06-27 20:00:00,310.125
2011-06-27 21:00:00,192.395
2011-06-27 22:00:00,137.6
2011-06-27 23:00:00,72.93
2011-06-28 00:00:00,31.515
2011-06-28 01:00:00,18.055
2011-06-28 02:00:00,10.37
2011-06-28 03:00:00,5.7
2011-06-28 04:00:00,6.19
2011-06-28 05:00:00,22.795
2011-06-28 06:00:00,112.835
2011-06-28 07:00:00,303.155
2011-06-28 08:00:00,434.52
2011-06-28 09:00:00,200.63
2011-06-28 10:00:00,117.93
2011-06-28 11:00:00,142.565
2011-06-28 12:00:00,166.59
2011-06-28 13:00:00,167.58
2011-06-28 14:00:00,152.12
2011-06-28 15:00:00,153.965
2011-06-28 16:00:00,241.26
2011-06-28 17:00:00,424.655
2011-06-28 18:00:00,421.355
2011-06-28 19:00:00,345.595
2011-06-28 20:00:00,300.945
2011-06-28 21:00:00,211.47
2011-06-28 22:00:00,152.2
2011-06-28 23:00:00,89.2
2011-06-29 00:00:00,32.75
2011-06-29 01:00:00,19.215
2011-06-29 02:00:00,7.13
2011-06-29 03:00:00,5.165
2011-06-29 04:00:00,5.63
2011-06-29 05:00:00,27.44
2011-06-29 06:00:00,110.555
2011-06-29 07:00:00,306.085
2011-06-29 08:00:00,465.365
2011-06-29 09:00:00,208.785
2011-06-29 10:00:00,118.515
2011-06-29 11:00:00,161.95
2011-06-29 12:00:00,196.995
2011-06-29 13:00:00,194.925
2011-06-29 14:00:00,169.925
2011-06-29 15:00:00,175.785
2011-06-29 16:00:00,294.845
2011-06-29 17:00:00,564.385
2011-06-29 18:00:00,552.975
2011-06-29 19:00:00,385.92
2011-06-29 20:00:00,311.365
2011-06-29 21:00:00,235.27
2011-06-29 22:00:00,167.46
2011-06-29 23:00:00,95.21
2011-06-30 00:00:00,46.08
2011-06-30 01:00:00,20.495
2011-06-30 02:00:00,8.545
2011-06-30 03:00:00,6.105
2011-06-30 04:00:00,5.985
2011-06-30 05:00:00,27.725
2011-06-30 06:00:00,118.69
2011-06-30 07:00:00,327.43
2011-06-30 08:00:00,455.705
2011-06-30 09:00:00,209.785
2011-06-30 10:00:00,124.435
2011-06-30 11:00:00,156.735
2011-06-30 12:00:00,204.09
2011-06-30 13:00:00,199.955
2011-06-30 14:00:00,170.41
2011-06-30 15:00:00,183.835
2011-06-30 16:00:00,295.56
2011-06-30 17:00:00,576.215
2011-06-30 18:00:00,555.925
2011-06-30 19:00:00,385.85
2011-06-30 20:00:00,312.395
2011-06-30 21:00:00,231.665
2011-06-30 22:00:00,169.535
2011-06-30 23:00:00,123.51
2011-07-20 00:00:00,31.565
2011-07-20 01:00:00,17.325
2011-07-20 02:00:00,5.955
2011-07-20 03:00:00,5.685
2011-07-20 04:00:00,6.185
2011-07-20 05:00:00,31.53
2011-07-20 06:00:00,123.52
2011-07-20 07:00:00,300.005
2011-07-20 08:00:00,442.035
2011-07-20 09:00:00,202.96
2011-07-20 10:00:00,117.16
2011-07-20 11:00:00,135.67
2011-07-20 12:00:00,163.95
2011-07-20 13:00:00,155.67
2011-07-20 14:00:00,152.185
2011-07-20 15:00:00,154.54
2011-07-20 16:00:00,243.475
2011-07-20 17:00:00,500.515
2011-07-20 18:00:00,500.445
2011-07-20 19:00:00,377.545
2011-07-20 20:00:00,282.335
2011-07-20 21:00:00,216.485
2011-07-20 22:00:00,170.98
2011-07-20 23:00:00,110.34
2011-07-21 00:00:00,45.27
2011-07-21 01:00:00,18.985
2011-07-21 02:00:00,7.085
2011-07-21 03:00:00,5.47
2011-07-21 04:00:00,5.625
2011-07-21 05:00:00,21.34
2011-07-21 06:00:00,122.325
2011-07-21 07:00:00,307.95
2011-07-21 08:00:00,435.63
2011-07-21 09:00:00,199.07
2011-07-21 10:00:00,121.215
2011-07-21 11:00:00,129.7
2011-07-21 12:00:00,149.35
2011-07-21 13:00:00,144.7
2011-07-21 14:00:00,140.065
2011-07-21 15:00:00,142.9
2011-07-21 16:00:00,235.27
2011-07-21 17:00:00,461.275
2011-07-21 18:00:00,461.625
2011-07-21 19:00:00,382.26
2011-07-21 20:00:00,263.48
2011-07-21 21:00:00,219.535
2011-07-21 22:00:00,179.11
2011-07-21 23:00:00,124.19
2011-07-22 00:00:00,58.715
2011-07-22 01:00:00,31.355
2011-07-22 02:00:00,17.915
2011-07-22 03:00:00,6.675
2011-07-22 04:00:00,7.35
2011-07-22 05:00:00,24.025
2011-07-22 06:00:00,105.845
2011-07-22 07:00:00,279.23
2011-07-22 08:00:00,460.525
2011-07-22 09:00:00,210.985
2011-07-22 10:00:00,135.55
2011-07-22 11:00:00,157.145
2011-07-22 12:00:00,179.39
2011-07-22 13:00:00,178.96
2011-07-22 14:00:00,177.685
2011-07-22 15:00:00,170.635
2011-07-22 16:00:00,283.965
2011-07-22 17:00:00,477.36
2011-07-22 18:00:00,454.545
2011-07-22 19:00:00,361.1
2011-07-22 20:00:00,244.72
2011-07-22 21:00:00,211.03
2011-07-22 22:00:00,203.355
2011-07-22 23:00:00,143.215
2011-07-23 00:00:00,109.255
2011-07-23 01:00:00,88.345
2011-07-23 02:00:00,66.265
2011-07-23 03:00:00,30.05
2011-07-23 04:00:00,10.065
2011-07-23 05:00:00,9.59
2011-07-23 06:00:00,36.11
2011-07-23 07:00:00,173.82
2011-07-23 08:00:00,188.06
2011-07-23 09:00:00,211.35
2011-07-23 10:00:00,275.865
2011-07-23 11:00:00,336.62
2011-07-23 12:00:00,373.89
2011-07-23 13:00:00,365.615
2011-07-23 14:00:00,388.845
2011-07-23 15:00:00,387.69
2011-07-23 16:00:00,370.93
2011-07-23 17:00:00,366.895
2011-07-23 18:00:00,365.77
2011-07-23 19:00:00,305.825
2011-07-23 20:00:00,295.015
2011-07-23 21:00:00,265.85
2011-07-23 22:00:00,222.9
2011-07-23 23:00:00,186.225
2011-07-24 00:00:00,116.76
2011-07-24 01:00:00,91.845
2011-07-24 02:00:00,77.925
2011-07-24 03:00:00,33.395
2011-07-24 04:00:00,9.19
2011-07-24 05:00:00,9.41
2011-07-24 06:00:00,24.92
2011-07-24 07:00:00,63.68
2011-07-24 08:00:00,165.895
2011-07-24 09:00:00,208.67
2011-07-24 10:00:00,274.43
2011-07-24 11:00:00,347.29166666666674
2011-07-24 12:00:00,366.665
2011-07-24 13:00:00,360.475
2011-07-24 14:00:00,371.835
2011-07-24 15:00:00,353.105
2011-07-24 16:00:00,362.535
2011-07-24 17:00:00,370.095
2011-07-24 18:00:00,360.78
2011-07-24 19:00:00,341.265
2011-07-24 20:00:00,323.275
2011-07-24 21:00:00,237.65
2011-07-24 22:00:00,181.62
2011-07-24 23:00:00,131.96
2011-07-25 00:00:00,45.265
2011-07-25 01:00:00,15.845
2011-07-25 02:00:00,7.265
2011-07-25 03:00:00,5.35
2011-07-25 04:00:00,6.11
2011-07-25 05:00:00,24.575
2011-07-25 06:00:00,116.115
2011-07-25 07:00:00,301.785
2011-07-25 08:00:00,411.13
2011-07-25 09:00:00,188.245
2011-07-25 10:00:00,120.635
2011-07-25 11:00:00,125.905
2011-07-25 12:00:00,154.62
2011-07-25 13:00:00,150.085
2011-07-25 14:00:00,126.82
2011-07-25 15:00:00,130.25
2011-07-25 16:00:00,156.225
2011-07-25 17:00:00,504.155
2011-07-25 18:00:00,501.875
2011-07-25 19:00:00,394.06
2011-07-25 20:00:00,297.13
2011-07-25 21:00:00,187.7
2011-07-25 22:00:00,129.61
2011-07-25 23:00:00,67.01
2011-07-26 00:00:00,27.85
2011-07-26 01:00:00,16.975
2011-07-26 02:00:00,8.555
2011-07-26 03:00:00,5.33
2011-07-26 04:00:00,5.95
2011-07-26 05:00:00,26.355
2011-07-26 06:00:00,116.925
2011-07-26 07:00:00,308.105
2011-07-26 08:00:00,434.17
2011-07-26 09:00:00,196.93
2011-07-26 10:00:00,128.93
2011-07-26 11:00:00,154.485
2011-07-26 12:00:00,190.965
2011-07-26 13:00:00,193.215
2011-07-26 14:00:00,171.305
2011-07-26 15:00:00,164.925
2011-07-26 16:00:00,278.375
2011-07-26 17:00:00,555.135
2011-07-26 18:00:00,552.265
2011-07-26 19:00:00,378.685
2011-07-26 20:00:00,301.795
2011-07-26 21:00:00,242.58
2011-07-26 22:00:00,162.095
2011-07-26 23:00:00,80.315
2011-07-27 00:00:00,45.425
2011-07-27 01:00:00,16.735
2011-07-27 02:00:00,13.28
2011-07-27 03:00:00,4.365
2011-07-27 04:00:00,5.36
2011-07-27 05:00:00,28.32
2011-07-27 06:00:00,116.495
2011-07-27 07:00:00,303.425
2011-07-27 08:00:00,452.555
2011-07-27 09:00:00,202.32
2011-07-27 10:00:00,119.675
2011-07-27 11:00:00,156.68
2011-07-27 12:00:00,203.345
2011-07-27 13:00:00,197.005
2011-07-27 14:00:00,176.865
2011-07-27 15:00:00,183.45
2011-07-27 16:00:00,283.03
2011-07-27 17:00:00,570.95
2011-07-27 18:00:00,560.5
2011-07-27 19:00:00,389.78
2011-07-27 20:00:00,320.965
2011-07-27 21:00:00,236.285
2011-07-27 22:00:00,157.73
2011-07-27 23:00:00,83.77
2011-07-28 00:00:00,47.405
2011-07-28 01:00:00,20.575
2011-07-28 02:00:00,9.375
2011-07-28 03:00:00,6.315
2011-07-28 04:00:00,6.19
2011-07-28 05:00:00,29.62
2011-07-28 06:00:00,115.085
2011-07-28 07:00:00,306.505
2011-07-28 08:00:00,450.585
2011-07-28 09:00:00,194.09
2011-07-28 10:00:00,118.69
2011-07-28 11:00:00,131.835
2011-07-28 12:00:00,157.25
2011-07-28 13:00:00,148.68
2011-07-28 14:00:00,159.42
2011-07-28 15:00:00,152.04
2011-07-28 16:00:00,234.075
2011-07-28 17:00:00,504.035
2011-07-28 18:00:00,490.615
2011-07-28 19:00:00,372.935
2011-07-28 20:00:00,279.235
2011-07-28 21:00:00,214.32
2011-07-28 22:00:00,160.995
2011-07-28 23:00:00,123.36
2011-07-29 00:00:00,52.91
2011-07-29 01:00:00,27.805
2011-07-29 02:00:00,17.82
2011-07-29 03:00:00,6.005
2011-07-29 04:00:00,6.615
2011-07-29 05:00:00,23.825
2011-07-29 06:00:00,107.275
2011-07-29 07:00:00,285.965
2011-07-29 08:00:00,439.345
2011-07-29 09:00:00,213.455
2011-07-29 10:00:00,137.555
2011-07-29 11:00:00,155.59
2011-07-29 12:00:00,183.07
2011-07-29 13:00:00,179.42
2011-07-29 14:00:00,179.54
2011-07-29 15:00:00,176.87
2011-07-29 16:00:00,315.73
2011-07-29 17:00:00,480.975
2011-07-29 18:00:00,461.555
2011-07-29 19:00:00,376.56
2011-07-29 20:00:00,240.685
2011-07-29 21:00:00,231.755
2011-07-29 22:00:00,210.945
2011-07-29 23:00:00,143.455
2011-07-30 00:00:00,137.17
2011-07-30 01:00:00,83.91
2011-07-30 02:00:00,66.36
2011-07-30 03:00:00,35.06
2011-07-30 04:00:00,10.165
2011-07-30 05:00:00,11.075
2011-07-30 06:00:00,32.375
2011-07-30 07:00:00,66.275
2011-07-30 08:00:00,141.79
2011-07-30 09:00:00,212.66
2011-07-30 10:00:00,275.58
2011-07-30 11:00:00,337.79
2011-07-30 12:00:00,374.285
2011-07-30 13:00:00,396.505
2011-07-30 14:00:00,388.54
2011-07-30 15:00:00,364.87
2011-07-30 16:00:00,369.805
2011-07-30 17:00:00,374.135
2011-07-30 18:00:00,369.355
2011-07-30 19:00:00,362.955
2011-07-30 20:00:00,298.8
2011-07-30 21:00:00,223.705
2011-07-30 22:00:00,203.375
2011-07-30 23:00:00,166.145
2011-07-31 00:00:00,116.11
2011-07-31 01:00:00,91.25
2011-07-31 02:00:00,81.91
2011-07-31 03:00:00,33.09
2011-07-31 04:00:00,9.07
2011-07-31 05:00:00,10.58
2011-07-31 06:00:00,25.43
2011-07-31 07:00:00,63.14
2011-07-31 08:00:00,185.82
2011-07-31 09:00:00,197.915
2011-07-31 10:00:00,274.12
2011-07-31 11:00:00,336.815
2011-07-31 12:00:00,374.295
2011-07-31 13:00:00,372.865
2011-07-31 14:00:00,359.83
2011-07-31 15:00:00,348.01
2011-07-31 16:00:00,359.905
2011-07-31 17:00:00,356.7
2011-07-31 18:00:00,362.235
2011-07-31 19:00:00,340.75
2011-07-31 20:00:00,286.135
2011-07-31 21:00:00,248.25
2011-07-31 22:00:00,151.75
2011-07-31 23:00:00,102.84
2011-08-20 00:00:00,109.2
2011-08-20 01:00:00,80.055
2011-08-20 02:00:00,59.995
2011-08-20 03:00:00,31.935
2011-08-20 04:00:00,9.8
2011-08-20 05:00:00,12.325
2011-08-20 06:00:00,21.66
2011-08-20 07:00:00,55.515
2011-08-20 08:00:00,111.18
2011-08-20 09:00:00,220.65
2011-08-20 10:00:00,276.2
2011-08-20 11:00:00,367.46
2011-08-20 12:00:00,354.17
2011-08-20 13:00:00,381.76
2011-08-20 14:00:00,386.305
2011-08-20 15:00:00,373.64
2011-08-20 16:00:00,378.895
2011-08-20 17:00:00,384.26
2011-08-20 18:00:00,332.86
2011-08-20 19:00:00,311.77
2011-08-20 20:00:00,259.4
2011-08-20 21:00:00,214.09
2011-08-20 22:00:00,170.815
2011-08-20 23:00:00,129.595
2011-08-21 00:00:00,126.905
2011-08-21 01:00:00,78.7
2011-08-21 02:00:00,75.43
2011-08-21 03:00:00,38.115
2011-08-21 04:00:00,7.88
2011-08-21 05:00:00,8.495
2011-08-21 06:00:00,12.225
2011-08-21 07:00:00,49.795
2011-08-21 08:00:00,98.2
2011-08-21 09:00:00,196.515
2011-08-21 10:00:00,233.37
2011-08-21 11:00:00,359.785
2011-08-21 12:00:00,350.99
2011-08-21 13:00:00,403.6
2011-08-21 14:00:00,286.58
2011-08-21 15:00:00,283.64
2011-08-21 16:00:00,266.23
2011-08-21 17:00:00,238.1
2011-08-21 18:00:00,241.95
2011-08-21 19:00:00,319.29
2011-08-21 20:00:00,222.325
2011-08-21 21:00:00,196.46
2011-08-21 22:00:00,155.355
2011-08-21 23:00:00,87.895
2011-08-22 00:00:00,31.005
2011-08-22 01:00:00,16.145
2011-08-22 02:00:00,10.88
2011-08-22 03:00:00,5.25
2011-08-22 04:00:00,6.68
2011-08-22 05:00:00,27.855
2011-08-22 06:00:00,102.835
2011-08-22 07:00:00,288.235
2011-08-22 08:00:00,386.975
2011-08-22 09:00:00,197.575
2011-08-22 10:00:00,126.05
2011-08-22 11:00:00,157.625
2011-08-22 12:00:00,190.215
2011-08-22 13:00:00,193.45
2011-08-22 14:00:00,179.975
2011-08-22 15:00:00,179.805
2011-08-22 16:00:00,306.025
2011-08-22 17:00:00,570.33
2011-08-22 18:00:00,561.135
2011-08-22 19:00:00,404.36
2011-08-22 20:00:00,303.765
2011-08-22 21:00:00,214.925
2011-08-22 22:00:00,118.695
2011-08-22 23:00:00,89.47
2011-08-23 00:00:00,33.025
2011-08-23 01:00:00,14.765
2011-08-23 02:00:00,9.83
2011-08-23 03:00:00,4.315
2011-08-23 04:00:00,4.975
2011-08-23 05:00:00,26.07
2011-08-23 06:00:00,114.48
2011-08-23 07:00:00,324.3
2011-08-23 08:00:00,451.18
2011-08-23 09:00:00,205.82
2011-08-23 10:00:00,123.31
2011-08-23 11:00:00,156.785
2011-08-23 12:00:00,211.405
2011-08-23 13:00:00,202.71
2011-08-23 14:00:00,174.395
2011-08-23 15:00:00,178.165
2011-08-23 16:00:00,304.755
2011-08-23 17:00:00,586.19
2011-08-23 18:00:00,570.865
2011-08-23 19:00:00,394.255
2011-08-23 20:00:00,288.21
2011-08-23 21:00:00,202.275
2011-08-23 22:00:00,165.54
2011-08-23 23:00:00,82.1
2011-08-24 00:00:00,38.63
2011-08-24 01:00:00,15.66
2011-08-24 02:00:00,8.93
2011-08-24 03:00:00,5.81
2011-08-24 04:00:00,7.025
2011-08-24 05:00:00,25.23
2011-08-24 06:00:00,109.35
2011-08-24 07:00:00,324.915
2011-08-24 08:00:00,428.49
2011-08-24 09:00:00,205.285
2011-08-24 10:00:00,126.12
2011-08-24 11:00:00,154.79
2011-08-24 12:00:00,183.6
2011-08-24 13:00:00,187.395
2011-08-24 14:00:00,177.65
2011-08-24 15:00:00,178.735
2011-08-24 16:00:00,281.205
2011-08-24 17:00:00,574.63
2011-08-24 18:00:00,543.67
2011-08-24 19:00:00,371.92
2011-08-24 20:00:00,288.03
2011-08-24 21:00:00,210.855
2011-08-24 22:00:00,159.46
2011-08-24 23:00:00,101.225
2011-08-25 00:00:00,46.805
2011-08-25 01:00:00,22.925
2011-08-25 02:00:00,8.85
2011-08-25 03:00:00,6.435
2011-08-25 04:00:00,6.915
2011-08-25 05:00:00,28.115
2011-08-25 06:00:00,102.7
2011-08-25 07:00:00,268.505
2011-08-25 08:00:00,421.885
2011-08-25 09:00:00,217.565
2011-08-25 10:00:00,125.985
2011-08-25 11:00:00,116.2
2011-08-25 12:00:00,140.49
2011-08-25 13:00:00,141.705
2011-08-25 14:00:00,149.59
2011-08-25 15:00:00,158.135
2011-08-25 16:00:00,167.79
2011-08-25 17:00:00,369.115
2011-08-25 18:00:00,353.16
2011-08-25 19:00:00,276.785
2011-08-25 20:00:00,219.05
2011-08-25 21:00:00,204.41
2011-08-25 22:00:00,142.335
2011-08-25 23:00:00,105.665
2011-08-26 00:00:00,53.265
2011-08-26 01:00:00,22.75
2011-08-26 02:00:00,11.0
2011-08-26 03:00:00,6.7
2011-08-26 04:00:00,6.131666666666666
2011-08-26 05:00:00,20.055
2011-08-26 06:00:00,89.15
2011-08-26 07:00:00,261.61
2011-08-26 08:00:00,419.095
2011-08-26 09:00:00,223.645
2011-08-26 10:00:00,146.55
2011-08-26 11:00:00,155.69
2011-08-26 12:00:00,220.615
2011-08-26 13:00:00,229.83
2011-08-26 14:00:00,200.575
2011-08-26 15:00:00,205.375
2011-08-26 16:00:00,316.26
2011-08-26 17:00:00,515.095
2011-08-26 18:00:00,403.96
2011-08-26 19:00:00,333.16
2011-08-26 20:00:00,238.495
2011-08-26 21:00:00,199.68
2011-08-26 22:00:00,174.12
2011-08-26 23:00:00,144.61
2011-08-27 00:00:00,114.545
2011-08-27 01:00:00,75.45
2011-08-27 02:00:00,64.02
2011-08-27 03:00:00,39.26
2011-08-27 04:00:00,8.81
2011-08-27 05:00:00,10.095
2011-08-27 06:00:00,27.225
2011-08-27 07:00:00,51.25
2011-08-27 08:00:00,154.095
2011-08-27 09:00:00,206.055
2011-08-27 10:00:00,235.33
2011-08-27 11:00:00,196.605
2011-08-27 12:00:00,285.115
2011-08-27 13:00:00,292.47
2011-08-27 14:00:00,191.3
2011-08-27 15:00:00,197.195
2011-08-27 16:00:00,195.325
2011-08-27 17:00:00,188.485
2011-08-28 07:00:00,50.635
2011-08-28 08:00:00,98.675
2011-08-28 09:00:00,205.075
2011-08-28 10:00:00,300.715
2011-08-28 11:00:00,337.39
2011-08-28 12:00:00,421.6325
2011-08-28 13:00:00,446.2975
2011-08-28 14:00:00,374.7125
2011-08-28 15:00:00,372.5825
2011-08-28 16:00:00,364.23
2011-08-28 17:00:00,421.0475
2011-08-28 18:00:00,410.61666666666673
2011-08-28 19:00:00,358.4716666666667
2011-08-28 20:00:00,294.885
2011-08-28 21:00:00,225.115
2011-08-28 22:00:00,144.065
2011-08-28 23:00:00,91.105
2011-08-29 00:00:00,36.735
2011-08-29 01:00:00,13.165
2011-08-29 02:00:00,9.19
2011-08-29 03:00:00,6.78
2011-08-29 04:00:00,5.905
2011-08-29 05:00:00,24.765
2011-08-29 06:00:00,110.215
2011-08-29 07:00:00,308.625
2011-08-29 08:00:00,400.85
2011-08-29 09:00:00,198.545
2011-08-29 10:00:00,126.22
2011-08-29 11:00:00,154.605
2011-08-29 12:00:00,198.63
2011-08-29 13:00:00,210.695
2011-08-29 14:00:00,181.125
2011-08-29 15:00:00,182.555
2011-08-29 16:00:00,303.96
2011-08-29 17:00:00,550.32
2011-08-29 18:00:00,541.06
2011-08-29 19:00:00,406.59
2011-08-29 20:00:00,291.725
2011-08-29 21:00:00,211.55
2011-08-29 22:00:00,138.81
2011-08-29 23:00:00,77.53
2011-08-30 00:00:00,34.25
2011-08-30 01:00:00,13.905
2011-08-30 02:00:00,7.71
2011-08-30 03:00:00,5.1
2011-08-30 04:00:00,6.845
2011-08-30 05:00:00,22.525
2011-08-30 06:00:00,113.595
2011-08-30 07:00:00,337.055
2011-08-30 08:00:00,458.46
2011-08-30 09:00:00,201.095
2011-08-30 10:00:00,129.345
2011-08-30 11:00:00,152.4
2011-08-30 12:00:00,207.97
2011-08-30 13:00:00,202.57
2011-08-30 14:00:00,176.13
2011-08-30 15:00:00,179.35
2011-08-30 16:00:00,308.46
2011-08-30 17:00:00,574.755
2011-08-30 18:00:00,555.16
2011-08-30 19:00:00,392.67
2011-08-30 20:00:00,290.28
2011-08-30 21:00:00,203.49
2011-08-30 22:00:00,160.89
2011-08-30 23:00:00,81.39
2011-08-31 00:00:00,31.655
2011-08-31 01:00:00,15.985
2011-08-31 02:00:00,8.355
2011-08-31 03:00:00,6.64
2011-08-31 04:00:00,6.425
2011-08-31 05:00:00,26.41
2011-08-31 06:00:00,108.81
2011-08-31 07:00:00,328.27
2011-08-31 08:00:00,436.605
2011-08-31 09:00:00,210.195
2011-08-31 10:00:00,129.705
2011-08-31 11:00:00,144.175
2011-08-31 12:00:00,201.43
2011-08-31 13:00:00,205.25
2011-08-31 14:00:00,173.98
2011-08-31 15:00:00,174.69
2011-08-31 16:00:00,292.6
2011-08-31 17:00:00,576.94
2011-08-31 18:00:00,538.02
2011-08-31 19:00:00,367.76
2011-08-31 20:00:00,290.7
2011-08-31 21:00:00,204.125
2011-08-31 22:00:00,156.23
2011-08-31 23:00:00,78.29
2011-09-20 00:00:00,33.67
2011-09-20 01:00:00,11.225
2011-09-20 02:00:00,4.59
2011-09-20 03:00:00,4.9
2011-09-20 04:00:00,5.6
2011-09-20 05:00:00,21.445
2011-09-20 06:00:00,110.69
2011-09-20 07:00:00,315.06
2011-09-20 08:00:00,294.78
2011-09-20 09:00:00,136.25
2011-09-20 10:00:00,77.815
2011-09-20 11:00:00,77.835
2011-09-20 12:00:00,80.935
2011-09-20 13:00:00,78.78
2011-09-20 14:00:00,115.58
2011-09-20 15:00:00,174.555
2011-09-20 16:00:00,169.69
2011-09-20 17:00:00,340.59
2011-09-20 18:00:00,343.335
2011-09-20 19:00:00,276.03
2011-09-20 20:00:00,123.085
2011-09-20 21:00:00,109.645
2011-09-20 22:00:00,104.48
2011-09-20 23:00:00,73.775
2011-09-21 00:00:00,25.555
2011-09-21 01:00:00,10.515
2011-09-21 02:00:00,6.71
2011-09-21 03:00:00,4.0
2011-09-21 04:00:00,5.165
2011-09-21 05:00:00,15.12
2011-09-21 06:00:00,97.675
2011-09-21 07:00:00,255.02
2011-09-21 08:00:00,376.985
2011-09-21 09:00:00,136.185
2011-09-21 10:00:00,80.54
2011-09-21 11:00:00,113.225
2011-09-21 12:00:00,170.73
2011-09-21 13:00:00,164.555
2011-09-21 14:00:00,157.185
2011-09-21 15:00:00,163.595
2011-09-21 16:00:00,276.685
2011-09-21 17:00:00,457.18
2011-09-21 18:00:00,330.925
2011-09-21 19:00:00,170.725
2011-09-21 20:00:00,59.965
2011-09-21 21:00:00,89.82
2011-09-21 22:00:00,88.12
2011-09-21 23:00:00,77.95
2011-09-22 00:00:00,24.72
2011-09-22 01:00:00,11.385
2011-09-22 02:00:00,6.495
2011-09-22 03:00:00,5.225
2011-09-22 04:00:00,5.025
2011-09-22 05:00:00,16.29
2011-09-22 06:00:00,95.06
2011-09-22 07:00:00,270.465
2011-09-22 08:00:00,354.29
2011-09-22 09:00:00,166.485
2011-09-22 10:00:00,100.515
2011-09-22 11:00:00,99.13
2011-09-22 12:00:00,144.495
2011-09-22 13:00:00,143.32
2011-09-22 14:00:00,129.975
2011-09-22 15:00:00,131.615
2011-09-22 16:00:00,277.865
2011-09-22 17:00:00,415.38
2011-09-22 18:00:00,293.865
2011-09-22 19:00:00,234.805
2011-09-22 20:00:00,96.72
2011-09-22 21:00:00,117.795
2011-09-22 22:00:00,94.79
2011-09-22 23:00:00,78.15
2011-09-23 00:00:00,34.165
2011-09-23 01:00:00,15.025
2011-09-23 02:00:00,9.645
2011-09-23 03:00:00,6.2925
2011-09-23 04:00:00,4.5625
2011-09-23 05:00:00,15.615
2011-09-23 06:00:00,76.85
2011-09-23 07:00:00,153.955
2011-09-23 08:00:00,248.305
2011-09-23 09:00:00,125.255
2011-09-23 10:00:00,71.065
2011-09-23 11:00:00,81.59
2011-09-23 12:00:00,88.035
2011-09-23 13:00:00,93.125
2011-09-23 14:00:00,97.59
2011-09-23 15:00:00,98.51
2011-09-23 16:00:00,150.18
2011-09-23 17:00:00,216.505
2011-09-23 18:00:00,206.52
2011-09-23 19:00:00,210.575
2011-09-23 20:00:00,162.075
2011-09-23 21:00:00,128.53
2011-09-23 22:00:00,124.44
2011-09-23 23:00:00,101.82
2011-09-24 00:00:00,87.815
2011-09-24 01:00:00,74.59
2011-09-24 02:00:00,59.77
2011-09-24 03:00:00,34.635
2011-09-24 04:00:00,9.555
2011-09-24 05:00:00,13.84
2011-09-24 06:00:00,16.51
2011-09-24 07:00:00,54.58
2011-09-24 08:00:00,88.78
2011-09-24 09:00:00,123.705
2011-09-24 10:00:00,176.865
2011-09-24 11:00:00,254.705
2011-09-24 12:00:00,267.67
2011-09-24 13:00:00,341.135
2011-09-24 14:00:00,286.915
2011-09-24 15:00:00,289.23
2011-09-24 16:00:00,322.96
2011-09-24 17:00:00,266.49
2011-09-24 18:00:00,287.835
2011-09-24 19:00:00,216.635
2011-09-24 20:00:00,201.075
2011-09-24 21:00:00,187.425
2011-09-24 22:00:00,141.5
2011-09-24 23:00:00,117.98
2011-09-25 00:00:00,101.47
2011-09-25 01:00:00,78.04
2011-09-25 02:00:00,61.585
2011-09-25 03:00:00,37.675
2011-09-25 04:00:00,12.71
2011-09-25 05:00:00,20.845
2011-09-25 06:00:00,15.715
2011-09-25 07:00:00,48.725
2011-09-25 08:00:00,83.125
2011-09-25 09:00:00,160.745
2011-09-25 10:00:00,237.575
2011-09-25 11:00:00,256.24
2011-09-25 12:00:00,267.14
2011-09-25 13:00:00,289.595
2011-09-25 14:00:00,271.905
2011-09-25 15:00:00,272.0
2011-09-25 16:00:00,376.355
2011-09-25 17:00:00,263.975
2011-09-25 18:00:00,262.575
2011-09-25 19:00:00,226.07
2011-09-25 20:00:00,198.33
2011-09-25 21:00:00,151.765
2011-09-25 22:00:00,137.32
2011-09-25 23:00:00,118.07
2011-09-26 00:00:00,28.58
2011-09-26 01:00:00,11.695
2011-09-26 02:00:00,5.365
2011-09-26 03:00:00,3.61
2011-09-26 04:00:00,4.72
2011-09-26 05:00:00,19.645
2011-09-26 06:00:00,96.425
2011-09-26 07:00:00,275.055
2011-09-26 08:00:00,376.965
2011-09-26 09:00:00,182.105
2011-09-26 10:00:00,96.525
2011-09-26 11:00:00,149.985
2011-09-26 12:00:00,142.685
2011-09-26 13:00:00,154.145
2011-09-26 14:00:00,164.285
2011-09-26 15:00:00,163.93
2011-09-26 16:00:00,284.835
2011-09-26 17:00:00,567.855
2011-09-26 18:00:00,331.675
2011-09-26 19:00:00,257.735
2011-09-26 20:00:00,154.435
2011-09-26 21:00:00,140.89
2011-09-26 22:00:00,108.72
2011-09-26 23:00:00,79.76
2011-09-27 00:00:00,26.81
2011-09-27 01:00:00,10.48
2011-09-27 02:00:00,6.625
2011-09-27 03:00:00,3.31
2011-09-27 04:00:00,3.655
2011-09-27 05:00:00,16.06
2011-09-27 06:00:00,104.01
2011-09-27 07:00:00,289.63
2011-09-27 08:00:00,411.2
2011-09-27 09:00:00,178.16
2011-09-27 10:00:00,79.865
2011-09-27 11:00:00,104.735
2011-09-27 12:00:00,122.21
2011-09-27 13:00:00,157.025
2011-09-27 14:00:00,128.55
2011-09-27 15:00:00,132.805
2011-09-27 16:00:00,158.05
2011-09-27 17:00:00,275.93
2011-09-27 18:00:00,289.2
2011-09-27 19:00:00,254.505
2011-09-27 20:00:00,215.865
2011-09-27 21:00:00,171.005
2011-09-27 22:00:00,121.455
2011-09-27 23:00:00,74.71
2011-09-28 00:00:00,29.45
2011-09-28 01:00:00,11.72
2011-09-28 02:00:00,6.13
2011-09-28 03:00:00,4.38
2011-09-28 04:00:00,6.88
2011-09-28 05:00:00,16.395
2011-09-28 06:00:00,59.09
2011-09-28 07:00:00,99.15
2011-09-28 08:00:00,262.855
2011-09-28 09:00:00,152.99
2011-09-28 10:00:00,58.53
2011-09-28 11:00:00,142.6
2011-09-28 12:00:00,145.76
2011-09-28 13:00:00,161.41
2011-09-28 14:00:00,166.84
2011-09-28 15:00:00,165.31
2011-09-28 16:00:00,291.54
2011-09-28 17:00:00,567.82
2011-09-28 18:00:00,331.565
2011-09-28 19:00:00,241.68
2011-09-28 20:00:00,128.48
2011-09-28 21:00:00,95.91
2011-09-28 22:00:00,119.325
2011-09-28 23:00:00,78.845
2011-09-29 00:00:00,23.975
2011-09-29 01:00:00,12.1
2011-09-29 02:00:00,6.5
2011-09-29 03:00:00,4.92
2011-09-29 04:00:00,5.765
2011-09-29 05:00:00,20.415
2011-09-29 06:00:00,116.23
2011-09-29 07:00:00,325.65
2011-09-29 08:00:00,440.675
2011-09-29 09:00:00,211.805
2011-09-29 10:00:00,128.615
2011-09-29 11:00:00,161.83
2011-09-29 12:00:00,202.56
2011-09-29 13:00:00,200.35
2011-09-29 14:00:00,187.25
2011-09-29 15:00:00,186.815
2011-09-29 16:00:00,292.16
2011-09-29 17:00:00,576.695
2011-09-29 18:00:00,549.68
2011-09-29 19:00:00,373.055
2011-09-29 20:00:00,278.025
2011-09-29 21:00:00,199.79
2011-09-29 22:00:00,145.76
2011-09-29 23:00:00,101.53
2011-09-30 00:00:00,49.33
2011-09-30 01:00:00,25.83
2011-09-30 02:00:00,10.38
2011-09-30 03:00:00,6.23
2011-09-30 04:00:00,6.28
2011-09-30 05:00:00,27.06
2011-09-30 06:00:00,89.285
2011-09-30 07:00:00,269.085
2011-09-30 08:00:00,448.89
2011-09-30 09:00:00,224.15
2011-09-30 10:00:00,157.645
2011-09-30 11:00:00,189.195
2011-09-30 12:00:00,257.515
2011-09-30 13:00:00,223.96
2011-09-30 14:00:00,253.94
2011-09-30 15:00:00,247.995
2011-09-30 16:00:00,349.285
2011-09-30 17:00:00,538.705
2011-09-30 18:00:00,472.4
2011-09-30 19:00:00,301.745
2011-09-30 20:00:00,206.32
2011-09-30 21:00:00,168.11
2011-09-30 22:00:00,128.39
2011-09-30 23:00:00,108.72
2011-10-20 00:00:00,24.2
2011-10-20 01:00:00,14.05
2011-10-20 02:00:00,9.07
2011-10-20 03:00:00,5.42
2011-10-20 04:00:00,5.645
2011-10-20 05:00:00,27.52
2011-10-20 06:00:00,94.48
2011-10-20 07:00:00,275.325
2011-10-20 08:00:00,440.465
2011-10-20 09:00:00,211.615
2011-10-20 10:00:00,128.66
2011-10-20 11:00:00,132.875
2011-10-20 12:00:00,163.13
2011-10-20 13:00:00,164.3
2011-10-20 14:00:00,154.575
2011-10-20 15:00:00,147.675
2011-10-20 16:00:00,240.94
2011-10-20 17:00:00,469.355
2011-10-20 18:00:00,425.37
2011-10-20 19:00:00,272.17
2011-10-20 20:00:00,206.075
2011-10-20 21:00:00,146.975
2011-10-20 22:00:00,114.78
2011-10-20 23:00:00,87.06
2011-10-21 00:00:00,52.65
2011-10-21 01:00:00,25.48
2011-10-21 02:00:00,12.455
2011-10-21 03:00:00,6.7525
2011-10-21 04:00:00,5.735
2011-10-21 05:00:00,27.45
2011-10-21 06:00:00,88.045
2011-10-21 07:00:00,256.775
2011-10-21 08:00:00,442.625
2011-10-21 09:00:00,219.015
2011-10-21 10:00:00,154.24
2011-10-21 11:00:00,165.65
2011-10-21 12:00:00,208.145
2011-10-21 13:00:00,201.205
2011-10-21 14:00:00,207.63
2011-10-21 15:00:00,205.62
2011-10-21 16:00:00,308.925
2011-10-21 17:00:00,478.26
2011-10-21 18:00:00,420.28
2011-10-21 19:00:00,267.22
2011-10-21 20:00:00,195.925
2011-10-21 21:00:00,150.48
2011-10-21 22:00:00,118.76
2011-10-21 23:00:00,97.66
2011-10-22 00:00:00,83.035
2011-10-22 01:00:00,68.095
2011-10-22 02:00:00,61.415
2011-10-22 03:00:00,24.785
2011-10-22 04:00:00,6.97
2011-10-22 05:00:00,7.68
2011-10-22 06:00:00,20.38
2011-10-22 07:00:00,49.32
2011-10-22 08:00:00,80.095
2011-10-22 09:00:00,152.835
2011-10-22 10:00:00,260.86
2011-10-22 11:00:00,295.135
2011-10-22 12:00:00,327.33
2011-10-22 13:00:00,355.92
2011-10-22 14:00:00,329.24
2011-10-22 15:00:00,320.535
2011-10-22 16:00:00,328.12
2011-10-22 17:00:00,276.655
2011-10-22 18:00:00,229.01
2011-10-22 19:00:00,203.875
2011-10-22 20:00:00,146.78
2011-10-22 21:00:00,125.81
2011-10-22 22:00:00,109.31
2011-10-22 23:00:00,87.555
2011-10-23 00:00:00,84.56
2011-10-23 01:00:00,75.705
2011-10-23 02:00:00,57.6
2011-10-23 03:00:00,31.025
2011-10-23 04:00:00,9.52
2011-10-23 05:00:00,8.19
2011-10-23 06:00:00,17.46
2011-10-23 07:00:00,52.89
2011-10-23 08:00:00,94.375
2011-10-23 09:00:00,142.3
2011-10-23 10:00:00,249.11
2011-10-23 11:00:00,264.575
2011-10-23 12:00:00,322.77
2011-10-23 13:00:00,337.05
2011-10-23 14:00:00,336.095
2011-10-23 15:00:00,335.915
2011-10-23 16:00:00,335.855
2011-10-23 17:00:00,276.7
2011-10-23 18:00:00,232.915
2011-10-23 19:00:00,184.285
2011-10-23 20:00:00,131.0
2011-10-23 21:00:00,107.045
2011-10-23 22:00:00,89.65
2011-10-23 23:00:00,86.525
2011-10-24 00:00:00,37.665
2011-10-24 01:00:00,9.5
2011-10-24 02:00:00,4.4
2011-10-24 03:00:00,6.715
2011-10-24 04:00:00,6.765
2011-10-24 05:00:00,24.705
2011-10-24 06:00:00,97.695
2011-10-24 07:00:00,273.59
2011-10-24 08:00:00,402.665
2011-10-24 09:00:00,188.52
2011-10-24 10:00:00,115.725
2011-10-24 11:00:00,124.02
2011-10-24 12:00:00,180.03
2011-10-24 13:00:00,178.065
2011-10-24 14:00:00,178.235
2011-10-24 15:00:00,196.46
2011-10-24 16:00:00,280.88
2011-10-24 17:00:00,526.935
2011-10-24 18:00:00,520.84
2011-10-24 19:00:00,267.08
2011-10-24 20:00:00,221.85
2011-10-24 21:00:00,159.805
2011-10-24 22:00:00,121.595
2011-10-24 23:00:00,67.955
2011-10-25 00:00:00,49.585
2011-10-25 01:00:00,15.695
2011-10-25 02:00:00,4.45
2011-10-25 03:00:00,6.075
2011-10-25 04:00:00,6.135
2011-10-25 05:00:00,25.75
2011-10-25 06:00:00,102.435
2011-10-25 07:00:00,283.305
2011-10-25 08:00:00,444.14
2011-10-25 09:00:00,201.935
2011-10-25 10:00:00,129.205
2011-10-25 11:00:00,131.925
2011-10-25 12:00:00,184.21
2011-10-25 13:00:00,166.465
2011-10-25 14:00:00,172.69
2011-10-25 15:00:00,184.83
2011-10-25 16:00:00,303.84
2011-10-25 17:00:00,580.055
2011-10-25 18:00:00,495.89
2011-10-25 19:00:00,314.04
2011-10-25 20:00:00,227.47
2011-10-25 21:00:00,158.795
2011-10-25 22:00:00,131.945
2011-10-25 23:00:00,69.705
2011-10-26 00:00:00,51.775
2011-10-26 01:00:00,14.715
2011-10-26 02:00:00,6.88
2011-10-26 03:00:00,4.89
2011-10-26 04:00:00,4.845
2011-10-26 05:00:00,26.615
2011-10-26 06:00:00,110.875
2011-10-26 07:00:00,300.05
2011-10-26 08:00:00,435.61
2011-10-26 09:00:00,206.51
2011-10-26 10:00:00,129.135
2011-10-26 11:00:00,134.51
2011-10-26 12:00:00,162.255
2011-10-26 13:00:00,161.16
2011-10-26 14:00:00,169.515
2011-10-26 15:00:00,172.67
2011-10-26 16:00:00,237.145
2011-10-26 17:00:00,476.18
2011-10-26 18:00:00,476.165
2011-10-26 19:00:00,258.585
2011-10-26 20:00:00,170.555
2011-10-26 21:00:00,175.375
2011-10-26 22:00:00,122.285
2011-10-26 23:00:00,72.01
2011-10-27 00:00:00,32.31
2011-10-27 01:00:00,13.115
2011-10-27 02:00:00,7.23
2011-10-27 03:00:00,3.43
2011-10-27 04:00:00,4.63
2011-10-27 05:00:00,19.135
2011-10-27 06:00:00,70.535
2011-10-27 07:00:00,280.315
2011-10-27 08:00:00,249.455
2011-10-27 09:00:00,203.985
2011-10-27 10:00:00,96.775
2011-10-27 11:00:00,100.87
2011-10-27 12:00:00,97.005
2011-10-27 13:00:00,143.045
2011-10-27 14:00:00,151.42
2011-10-27 15:00:00,161.45
2011-10-27 16:00:00,285.83
2011-10-27 17:00:00,436.23
2011-10-27 18:00:00,390.615
2011-10-27 19:00:00,249.855
2011-10-27 20:00:00,200.38
2011-10-27 21:00:00,147.16
2011-10-27 22:00:00,100.78
2011-10-27 23:00:00,71.95
2011-10-28 00:00:00,46.83
2011-10-28 01:00:00,18.59
2011-10-28 02:00:00,11.065
2011-10-28 03:00:00,3.15375
2011-10-28 04:00:00,3.321
2011-10-28 05:00:00,22.465
2011-10-28 06:00:00,87.22
2011-10-28 07:00:00,256.105
2011-10-28 08:00:00,451.395
2011-10-28 09:00:00,215.185
2011-10-28 10:00:00,121.34
2011-10-28 11:00:00,153.795
2011-10-28 12:00:00,182.22
2011-10-28 13:00:00,177.125
2011-10-28 14:00:00,167.945
2011-10-28 15:00:00,167.625
2011-10-28 16:00:00,244.3
2011-10-28 17:00:00,409.94
2011-10-28 18:00:00,382.87
2011-10-28 19:00:00,239.215
2011-10-28 20:00:00,109.985
2011-10-28 21:00:00,92.845
2011-10-28 22:00:00,66.7
2011-10-28 23:00:00,58.71
2011-10-29 00:00:00,52.84
2011-10-29 01:00:00,39.05
2011-10-29 02:00:00,37.53
2011-10-29 03:00:00,10.425
2011-10-29 04:00:00,6.355
2011-10-29 05:00:00,4.975
2011-10-29 06:00:00,16.515
2011-10-29 07:00:00,37.56
2011-10-29 08:00:00,70.71
2011-10-29 09:00:00,95.62
2011-10-29 10:00:00,102.625
2011-10-29 11:00:00,101.73
2011-10-29 12:00:00,95.32
2011-10-29 13:00:00,98.1
2011-10-29 14:00:00,100.345
2011-10-29 15:00:00,103.675
2011-10-29 16:00:00,97.52
2011-10-29 17:00:00,95.6
2011-10-29 18:00:00,94.345
2011-10-29 19:00:00,99.95
2011-10-29 20:00:00,94.725
2011-10-29 21:00:00,78.205
2011-10-29 22:00:00,57.17
2011-10-29 23:00:00,52.795
2011-10-30 00:00:00,65.53
2011-10-30 01:00:00,45.67
2011-10-30 02:00:00,42.245
2011-10-30 03:00:00,11.93
2011-10-30 04:00:00,5.045
2011-10-30 05:00:00,4.23
2011-10-30 06:00:00,14.185
2011-10-30 07:00:00,29.88
2011-10-30 08:00:00,74.51
2011-10-30 09:00:00,121.78
2011-10-30 10:00:00,192.38
2011-10-30 11:00:00,270.155
2011-10-30 12:00:00,314.065
2011-10-30 13:00:00,324.8
2011-10-30 14:00:00,338.555
2011-10-30 15:00:00,343.31
2011-10-30 16:00:00,325.56
2011-10-30 17:00:00,282.045
2011-10-30 18:00:00,218.245
2011-10-30 19:00:00,255.92
2011-10-30 20:00:00,125.53
2011-10-30 21:00:00,95.495
2011-10-30 22:00:00,69.66
2011-10-30 23:00:00,60.41
2011-10-31 00:00:00,18.965
2011-10-31 01:00:00,8.265
2011-10-31 02:00:00,3.065
2011-10-31 03:00:00,4.476666666666667
2011-10-31 04:00:00,4.435
2011-10-31 05:00:00,21.43
2011-10-31 06:00:00,93.79
2011-10-31 07:00:00,285.1
2011-10-31 08:00:00,409.345
2011-10-31 09:00:00,197.935
2011-10-31 10:00:00,112.51
2011-10-31 11:00:00,127.58
2011-10-31 12:00:00,161.975
2011-10-31 13:00:00,156.605
2011-10-31 14:00:00,152.135
2011-10-31 15:00:00,172.215
2011-10-31 16:00:00,247.88
2011-10-31 17:00:00,483.22
2011-10-31 18:00:00,420.9
2011-10-31 19:00:00,303.875
2011-10-31 20:00:00,199.555
2011-10-31 21:00:00,138.735
2011-10-31 22:00:00,100.575
2011-10-31 23:00:00,58.275
2011-11-20 00:00:00,79.67
2011-11-20 01:00:00,62.175
2011-11-20 02:00:00,63.42
2011-11-20 03:00:00,27.355
2011-11-20 04:00:00,6.77
2011-11-20 05:00:00,6.285
2011-11-20 06:00:00,16.97
2011-11-20 07:00:00,48.635
2011-11-20 08:00:00,76.075
2011-11-20 09:00:00,147.835
2011-11-20 10:00:00,251.525
2011-11-20 11:00:00,307.92
2011-11-20 12:00:00,326.425
2011-11-20 13:00:00,351.26
2011-11-20 14:00:00,338.85
2011-11-20 15:00:00,339.92
2011-11-20 16:00:00,337.19
2011-11-20 17:00:00,319.82
2011-11-20 18:00:00,291.91
2011-11-20 19:00:00,207.68
2011-11-20 20:00:00,176.045
2011-11-20 21:00:00,127.96
2011-11-20 22:00:00,81.31
2011-11-20 23:00:00,68.325
2011-11-21 00:00:00,29.55
2011-11-21 01:00:00,8.655
2011-11-21 02:00:00,7.075
2011-11-21 03:00:00,3.57
2011-11-21 04:00:00,3.9
2011-11-21 05:00:00,14.82
2011-11-21 06:00:00,92.385
2011-11-21 07:00:00,268.9
2011-11-21 08:00:00,410.095
2011-11-21 09:00:00,188.37
2011-11-21 10:00:00,118.43
2011-11-21 11:00:00,122.585
2011-11-21 12:00:00,173.065
2011-11-21 13:00:00,172.54
2011-11-21 14:00:00,157.13
2011-11-21 15:00:00,60.84
2011-11-21 16:00:00,91.175
2011-11-21 17:00:00,158.755
2011-11-21 18:00:00,230.2
2011-11-21 19:00:00,173.925
2011-11-21 20:00:00,96.43
2011-11-21 21:00:00,98.96
2011-11-21 22:00:00,73.35
2011-11-21 23:00:00,50.67
2011-11-22 00:00:00,20.145
2011-11-22 01:00:00,8.25
2011-11-22 02:00:00,4.985
2011-11-22 03:00:00,4.22
2011-11-22 04:00:00,4.08
2011-11-22 05:00:00,17.67
2011-11-22 06:00:00,88.12
2011-11-22 07:00:00,80.865
2011-11-22 08:00:00,228.48
2011-11-22 09:00:00,94.72
2011-11-22 10:00:00,48.52
2011-11-22 11:00:00,60.14
2011-11-22 12:00:00,56.425
2011-11-22 13:00:00,56.73
2011-11-22 14:00:00,56.97
2011-11-22 15:00:00,53.705
2011-11-22 16:00:00,97.62
2011-11-22 17:00:00,213.44
2011-11-22 18:00:00,214.015
2011-11-22 19:00:00,187.945
2011-11-22 20:00:00,101.23
2011-11-22 21:00:00,91.86
2011-11-22 22:00:00,98.25
2011-11-22 23:00:00,69.085
2011-11-23 00:00:00,23.63
2011-11-23 01:00:00,11.99
2011-11-23 02:00:00,5.485
2011-11-23 03:00:00,4.15
2011-11-23 04:00:00,5.295
2011-11-23 05:00:00,18.02
2011-11-23 06:00:00,89.595
2011-11-23 07:00:00,275.795
2011-11-23 08:00:00,410.945
2011-11-23 09:00:00,184.245
2011-11-23 10:00:00,103.12
2011-11-23 11:00:00,126.775
2011-11-23 12:00:00,161.675
2011-11-23 13:00:00,154.31
2011-11-23 14:00:00,152.585
2011-11-23 15:00:00,148.685
2011-11-23 16:00:00,222.865
2011-11-23 17:00:00,379.91
2011-11-23 18:00:00,395.065
2011-11-23 19:00:00,255.07
2011-11-23 20:00:00,173.09
2011-11-23 21:00:00,145.62
2011-11-23 22:00:00,93.755
2011-11-23 23:00:00,67.405
2011-11-24 00:00:00,59.93
2011-11-24 01:00:00,32.99
2011-11-24 02:00:00,13.815
2011-11-24 03:00:00,7.18
2011-11-24 04:00:00,7.1
2011-11-24 05:00:00,17.035
2011-11-24 06:00:00,41.065
2011-11-24 07:00:00,90.345
2011-11-24 08:00:00,143.62
2011-11-24 09:00:00,175.625
2011-11-24 10:00:00,229.35
2011-11-24 11:00:00,249.995
2011-11-24 12:00:00,264.245
2011-11-24 13:00:00,269.285
2011-11-24 14:00:00,278.405
2011-11-24 15:00:00,269.675
2011-11-24 16:00:00,268.785
2011-11-24 17:00:00,250.405
2011-11-24 18:00:00,216.2
2011-11-24 19:00:00,199.67
2011-11-24 20:00:00,144.32
2011-11-24 21:00:00,121.84
2011-11-24 22:00:00,104.6
2011-11-24 23:00:00,79.26
2011-11-25 00:00:00,43.09
2011-11-25 01:00:00,18.96
2011-11-25 02:00:00,9.743333333333334
2011-11-25 03:00:00,4.1883333333333335
2011-11-25 04:00:00,4.560666666666666
2011-11-25 05:00:00,21.97
2011-11-25 06:00:00,81.395
2011-11-25 07:00:00,245.19
2011-11-25 08:00:00,413.58
2011-11-25 09:00:00,230.165
2011-11-25 10:00:00,146.46
2011-11-25 11:00:00,163.775
2011-11-25 12:00:00,204.495
2011-11-25 13:00:00,202.57
2011-11-25 14:00:00,202.93
2011-11-25 15:00:00,202.35
2011-11-25 16:00:00,307.15
2011-11-25 17:00:00,495.175
2011-11-25 18:00:00,439.265
2011-11-25 19:00:00,250.46
2011-11-25 20:00:00,190.75
2011-11-25 21:00:00,149.685
2011-11-25 22:00:00,106.735
2011-11-25 23:00:00,83.45
2011-11-26 00:00:00,76.915
2011-11-26 01:00:00,72.075
2011-11-26 02:00:00,48.695
2011-11-26 03:00:00,22.68
2011-11-26 04:00:00,7.815
2011-11-26 05:00:00,6.305
2011-11-26 06:00:00,17.56
2011-11-26 07:00:00,36.345
2011-11-26 08:00:00,91.49
2011-11-26 09:00:00,158.87
2011-11-26 10:00:00,218.04
2011-11-26 11:00:00,301.91
2011-11-26 12:00:00,349.82
2011-11-26 13:00:00,354.77
2011-11-26 14:00:00,342.34
2011-11-26 15:00:00,350.785
2011-11-26 16:00:00,322.44
2011-11-26 17:00:00,284.43
2011-11-26 18:00:00,209.63
2011-11-26 19:00:00,182.05
2011-11-26 20:00:00,156.695
2011-11-26 21:00:00,118.13
2011-11-26 22:00:00,105.765
2011-11-26 23:00:00,82.71
2011-11-27 00:00:00,84.785
2011-11-27 01:00:00,84.07
2011-11-27 02:00:00,50.3
2011-11-27 03:00:00,34.395
2011-11-27 04:00:00,7.895
2011-11-27 05:00:00,6.68
2011-11-27 06:00:00,16.345
2011-11-27 07:00:00,62.645
2011-11-27 08:00:00,87.67
2011-11-27 09:00:00,147.87
2011-11-27 10:00:00,253.61
2011-11-27 11:00:00,300.905
2011-11-27 12:00:00,351.66
2011-11-27 13:00:00,356.455
2011-11-27 14:00:00,442.07
2011-11-27 15:00:00,440.285
2011-11-27 16:00:00,348.665
2011-11-27 17:00:00,328.565
2011-11-27 18:00:00,229.06
2011-11-27 19:00:00,179.105
2011-11-27 20:00:00,157.49
2011-11-27 21:00:00,111.14
2011-11-27 22:00:00,108.475
2011-11-27 23:00:00,85.59
2011-11-28 00:00:00,43.92
2011-11-28 01:00:00,19.435
2011-11-28 03:00:00,5.49
2011-11-28 04:00:00,6.865
2011-11-28 05:00:00,24.535
2011-11-28 06:00:00,100.505
2011-11-28 07:00:00,308.035
2011-11-28 08:00:00,413.12
2011-11-28 09:00:00,191.07
2011-11-28 10:00:00,119.04
2011-11-28 11:00:00,122.395
2011-11-28 12:00:00,194.205
2011-11-28 13:00:00,183.88
2011-11-28 14:00:00,186.495
2011-11-28 15:00:00,183.885
2011-11-28 16:00:00,287.94
2011-11-28 17:00:00,542.385
2011-11-28 18:00:00,512.04
2011-11-28 19:00:00,316.355
2011-11-28 20:00:00,220.49
2011-11-28 21:00:00,187.19
2011-11-28 22:00:00,124.1
2011-11-28 23:00:00,68.085
2011-11-29 00:00:00,29.05
2011-11-29 01:00:00,10.73
2011-11-29 02:00:00,5.005
2011-11-29 03:00:00,4.02
2011-11-29 04:00:00,4.96
2011-11-29 05:00:00,26.29
2011-11-29 06:00:00,102.525
2011-11-29 07:00:00,306.31
2011-11-29 08:00:00,431.83
2011-11-29 09:00:00,197.855
2011-11-29 10:00:00,119.42
2011-11-29 11:00:00,87.665
2011-11-29 12:00:00,100.485
2011-11-29 13:00:00,108.035
2011-11-29 14:00:00,50.93
2011-11-29 15:00:00,81.66
2011-11-29 16:00:00,82.365
2011-11-29 17:00:00,240.075
2011-11-29 18:00:00,290.985
2011-11-29 19:00:00,251.425
2011-11-29 20:00:00,123.77
2011-11-29 21:00:00,116.25
2011-11-29 22:00:00,97.595
2011-11-29 23:00:00,59.33
2011-11-30 00:00:00,37.545
2011-11-30 01:00:00,13.275
2011-11-30 02:00:00,6.575
2011-11-30 03:00:00,4.341666666666666
2011-11-30 04:00:00,5.481666666666667
2011-11-30 05:00:00,21.86
2011-11-30 06:00:00,90.09
2011-11-30 07:00:00,267.645
2011-11-30 08:00:00,424.4
2011-11-30 09:00:00,209.935
2011-11-30 10:00:00,112.11
2011-11-30 11:00:00,122.155
2011-11-30 12:00:00,139.86
2011-11-30 13:00:00,150.17
2011-11-30 14:00:00,145.555
2011-11-30 15:00:00,147.835
2011-11-30 16:00:00,211.77
2011-11-30 17:00:00,381.51
2011-11-30 18:00:00,366.835
2011-11-30 19:00:00,253.11
2011-11-30 20:00:00,145.325
2011-11-30 21:00:00,132.005
2011-11-30 22:00:00,93.435
2011-11-30 23:00:00,64.25
2011-12-20 00:00:00,32.35
2011-12-20 01:00:00,11.63
2011-12-20 02:00:00,6.34
2011-12-20 03:00:00,5.085
2011-12-20 04:00:00,5.271666666666667
2011-12-20 05:00:00,21.565
2011-12-20 06:00:00,91.94
2011-12-20 07:00:00,260.39
2011-12-20 08:00:00,450.17
2011-12-20 09:00:00,226.605
2011-12-20 10:00:00,121.295
2011-12-20 11:00:00,126.08
2011-12-20 12:00:00,157.595
2011-12-20 13:00:00,154.88
2011-12-20 14:00:00,151.79
2011-12-20 15:00:00,153.565
2011-12-20 16:00:00,250.95
2011-12-20 17:00:00,425.945
2011-12-20 18:00:00,391.415
2011-12-20 19:00:00,267.0
2011-12-20 20:00:00,186.38
2011-12-20 21:00:00,144.355
2011-12-20 22:00:00,103.89
2011-12-20 23:00:00,68.64
2011-12-21 00:00:00,40.735
2011-12-21 01:00:00,14.11
2011-12-21 02:00:00,6.72
2011-12-21 03:00:00,5.035
2011-12-21 04:00:00,4.895666666666667
2011-12-21 05:00:00,22.485
2011-12-21 06:00:00,91.81
2011-12-21 07:00:00,266.83
2011-12-21 08:00:00,159.815
2011-12-21 09:00:00,201.69
2011-12-21 10:00:00,114.91
2011-12-21 11:00:00,115.63
2011-12-21 12:00:00,91.755
2011-12-21 13:00:00,54.375
2011-12-21 14:00:00,118.45
2011-12-21 15:00:00,121.91
2011-12-21 16:00:00,93.26
2011-12-21 17:00:00,145.4
2011-12-21 18:00:00,196.24
2011-12-21 19:00:00,189.655
2011-12-21 20:00:00,105.99
2011-12-21 21:00:00,123.86
2011-12-21 22:00:00,113.115
2011-12-21 23:00:00,77.36
2011-12-22 00:00:00,40.085
2011-12-22 01:00:00,14.715
2011-12-22 02:00:00,10.135
2011-12-22 03:00:00,5.82
2011-12-22 04:00:00,5.5391666666666675
2011-12-22 05:00:00,25.665
2011-12-22 06:00:00,93.715
2011-12-22 07:00:00,268.815
2011-12-22 08:00:00,443.805
2011-12-22 09:00:00,216.985
2011-12-22 10:00:00,109.27
2011-12-22 11:00:00,118.58
2011-12-22 12:00:00,154.94
2011-12-22 13:00:00,148.755
2011-12-22 14:00:00,145.08
2011-12-22 15:00:00,152.085
2011-12-22 16:00:00,245.91
2011-12-22 17:00:00,425.8
2011-12-22 18:00:00,399.98
2011-12-22 19:00:00,280.375
2011-12-22 20:00:00,135.09
2011-12-22 21:00:00,121.755
2011-12-22 22:00:00,60.57
2011-12-22 23:00:00,59.59
2011-12-23 00:00:00,41.45
2011-12-23 01:00:00,18.84
2011-12-23 02:00:00,8.805
2011-12-23 03:00:00,4.825
2011-12-23 04:00:00,4.025
2011-12-23 05:00:00,25.235
2011-12-23 06:00:00,84.045
2011-12-23 07:00:00,246.275
2011-12-23 08:00:00,428.755
2011-12-23 09:00:00,238.045
2011-12-23 10:00:00,131.785
2011-12-23 11:00:00,142.86
2011-12-23 12:00:00,169.09
2011-12-23 13:00:00,168.46
2011-12-23 14:00:00,168.47
2011-12-23 15:00:00,167.685
2011-12-23 16:00:00,233.27
2011-12-23 17:00:00,379.505
2011-12-23 18:00:00,364.08
2011-12-23 19:00:00,251.36
2011-12-23 20:00:00,128.875
2011-12-23 21:00:00,115.03
2011-12-23 22:00:00,91.145
2011-12-23 23:00:00,75.405
2011-12-24 00:00:00,76.07
2011-12-24 01:00:00,76.46
2011-12-24 02:00:00,58.915
2011-12-24 03:00:00,25.6
2011-12-24 04:00:00,6.865
2011-12-24 05:00:00,6.72
2011-12-24 06:00:00,11.35
2011-12-24 07:00:00,53.465
2011-12-24 08:00:00,70.245
2011-12-24 09:00:00,153.8
2011-12-24 10:00:00,178.95
2011-12-24 11:00:00,199.615
2011-12-24 12:00:00,242.92
2011-12-24 13:00:00,241.455
2011-12-24 14:00:00,240.725
2011-12-24 15:00:00,205.23
2011-12-24 16:00:00,198.445
2011-12-24 17:00:00,137.35
2011-12-24 18:00:00,144.47
2011-12-24 19:00:00,145.85
2011-12-24 20:00:00,106.265
2011-12-24 21:00:00,89.01
2011-12-24 22:00:00,67.305
2011-12-24 23:00:00,54.71
2011-12-25 00:00:00,69.69
2011-12-25 01:00:00,57.855
2011-12-25 02:00:00,49.645
2011-12-25 03:00:00,15.7
2011-12-25 05:00:00,5.51
2011-12-25 06:00:00,7.005
2011-12-25 07:00:00,23.97
2011-12-25 08:00:00,49.49
2011-12-25 09:00:00,80.765
2011-12-25 10:00:00,139.545
2011-12-25 11:00:00,170.36
2011-12-25 12:00:00,173.84
2011-12-25 13:00:00,191.71
2011-12-25 14:00:00,223.43
2011-12-25 15:00:00,229.71
2011-12-25 16:00:00,242.245
2011-12-25 17:00:00,210.325
2011-12-25 18:00:00,151.61
2011-12-25 19:00:00,154.925
2011-12-25 20:00:00,127.395
2011-12-25 21:00:00,96.52
2011-12-25 22:00:00,71.18
2011-12-25 23:00:00,50.32
2011-12-26 00:00:00,53.45
2011-12-26 01:00:00,36.885
2011-12-26 02:00:00,15.635
2011-12-26 04:00:00,7.4
2011-12-26 05:00:00,15.295
2011-12-26 06:00:00,32.01
2011-12-26 07:00:00,98.12
2011-12-26 08:00:00,123.42
2011-12-26 09:00:00,155.72
2011-12-26 10:00:00,177.135
2011-12-26 11:00:00,176.925
2011-12-26 12:00:00,202.94
2011-12-26 13:00:00,215.52
2011-12-26 14:00:00,209.61
2011-12-26 15:00:00,219.105
2011-12-26 16:00:00,203.255
2011-12-26 17:00:00,202.63
2011-12-26 18:00:00,165.94
2011-12-26 19:00:00,137.58
2011-12-26 20:00:00,122.22
2011-12-26 21:00:00,95.85
2011-12-26 22:00:00,68.44
2011-12-26 23:00:00,51.32
2011-12-27 00:00:00,25.88
2011-12-27 01:00:00,11.14
2011-12-27 02:00:00,4.17
2011-12-27 03:00:00,4.525
2011-12-27 04:00:00,5.1625
2011-12-27 05:00:00,20.405
2011-12-27 06:00:00,86.635
2011-12-27 07:00:00,262.495
2011-12-27 08:00:00,455.655
2011-12-27 09:00:00,195.375
2011-12-27 10:00:00,113.64
2011-12-27 11:00:00,101.335
2011-12-27 12:00:00,100.42
2011-12-27 13:00:00,76.57
2011-12-27 14:00:00,90.275
2011-12-27 15:00:00,89.485
2011-12-27 16:00:00,103.59
2011-12-27 17:00:00,236.87
2011-12-27 18:00:00,258.235
2011-12-27 19:00:00,232.995
2011-12-27 20:00:00,108.07
2011-12-27 21:00:00,106.13
2011-12-27 22:00:00,83.325
2011-12-27 23:00:00,56.97
2011-12-28 00:00:00,23.66
2011-12-28 01:00:00,12.515
2011-12-28 02:00:00,5.925
2011-12-28 03:00:00,4.46
2011-12-28 05:00:00,21.81
2011-12-28 06:00:00,85.73
2011-12-28 07:00:00,265.64
2011-12-28 08:00:00,453.185
2011-12-28 09:00:00,229.12
2011-12-28 10:00:00,106.825
2011-12-28 11:00:00,115.9
2011-12-28 12:00:00,123.925
2011-12-28 13:00:00,128.805
2011-12-28 14:00:00,123.545
2011-12-28 15:00:00,128.385
2011-12-28 16:00:00,205.31
2011-12-28 17:00:00,357.305
2011-12-28 18:00:00,354.865
2011-12-28 19:00:00,255.245
2011-12-28 20:00:00,118.64
2011-12-28 21:00:00,90.11
2011-12-28 22:00:00,71.02
2011-12-28 23:00:00,51.86
2011-12-29 00:00:00,32.62
2011-12-29 01:00:00,12.675
2011-12-29 02:00:00,7.56
2011-12-29 03:00:00,4.248333333333334
2011-12-29 04:00:00,4.215833333333333
2011-12-29 05:00:00,21.585
2011-12-29 06:00:00,83.69
2011-12-29 07:00:00,210.905
2011-12-29 08:00:00,433.315
2011-12-29 09:00:00,236.65
2011-12-29 10:00:00,87.075
2011-12-29 11:00:00,103.665
2011-12-29 12:00:00,123.315
2011-12-29 13:00:00,124.805
2011-12-29 14:00:00,129.23
2011-12-29 15:00:00,130.235
2011-12-29 16:00:00,220.235
2011-12-29 17:00:00,342.745
2011-12-29 18:00:00,326.985
2011-12-29 19:00:00,253.97
2011-12-29 20:00:00,130.51
2011-12-29 21:00:00,112.895
2011-12-29 22:00:00,86.3
2011-12-29 23:00:00,65.805
2011-12-30 00:00:00,36.81
2011-12-30 01:00:00,15.295
2011-12-30 02:00:00,10.395
2011-12-30 03:00:00,3.9083333333333337
2011-12-30 04:00:00,3.1505833333333326
2011-12-30 05:00:00,21.41
2011-12-30 06:00:00,76.175
2011-12-30 07:00:00,230.08
2011-12-30 08:00:00,412.15
2011-12-30 09:00:00,244.595
2011-12-30 10:00:00,102.705
2011-12-30 11:00:00,123.305
2011-12-30 12:00:00,137.455
2011-12-30 13:00:00,159.94
2011-12-30 14:00:00,162.735
2011-12-30 15:00:00,174.15
2011-12-30 16:00:00,251.575
2011-12-30 17:00:00,391.845
2011-12-30 18:00:00,379.05
2011-12-30 19:00:00,237.48
2011-12-30 20:00:00,153.5
2011-12-30 21:00:00,135.66
2011-12-30 22:00:00,97.74
2011-12-30 23:00:00,82.095
2011-12-31 00:00:00,67.235
2011-12-31 01:00:00,59.105
2011-12-31 02:00:00,58.1
2011-12-31 03:00:00,23.035
2011-12-31 04:00:00,6.055
2011-12-31 05:00:00,6.17
2011-12-31 06:00:00,12.82
2011-12-31 07:00:00,42.445
2011-12-31 08:00:00,72.585
2011-12-31 09:00:00,132.775
2011-12-31 10:00:00,215.05
2011-12-31 11:00:00,234.38
2011-12-31 12:00:00,337.71
2011-12-31 13:00:00,324.695
2011-12-31 14:00:00,284.07
2011-12-31 15:00:00,289.065
2011-12-31 16:00:00,263.415
2011-12-31 17:00:00,228.68
2011-12-31 18:00:00,194.03
2011-12-31 19:00:00,166.425
2011-12-31 20:00:00,130.76
2011-12-31 21:00:00,113.43
2011-12-31 22:00:00,99.505
2011-12-31 23:00:00,86.64
2012-01-20 00:00:00,25.17
2012-01-20 01:00:00,10.5
2012-01-20 02:00:00,9.275
2012-01-20 03:00:00,4.91
2012-01-20 04:00:00,3.36
2012-01-20 05:00:00,20.58
2012-01-20 06:00:00,82.18
2012-01-20 07:00:00,210.76
2012-01-20 08:00:00,436.66
2012-01-20 09:00:00,217.185
2012-01-20 10:00:00,118.06
2012-01-20 11:00:00,128.595
2012-01-20 12:00:00,139.235
2012-01-20 13:00:00,145.195
2012-01-20 14:00:00,142.645
2012-01-20 15:00:00,137.64
2012-01-20 16:00:00,221.89
2012-01-20 17:00:00,306.565
2012-01-20 18:00:00,286.21
2012-01-20 19:00:00,214.095
2012-01-20 20:00:00,131.795
2012-01-20 21:00:00,98.145
2012-01-20 22:00:00,64.145
2012-01-20 23:00:00,59.22
2012-01-21 00:00:00,36.84
2012-01-21 01:00:00,36.145
2012-01-21 02:00:00,37.475
2012-01-21 03:00:00,20.925
2012-01-21 04:00:00,5.765
2012-01-21 05:00:00,5.47
2012-01-21 06:00:00,6.685
2012-01-21 07:00:00,20.1
2012-01-21 08:00:00,76.5
2012-01-21 09:00:00,107.475
2012-01-21 10:00:00,140.535
2012-01-21 11:00:00,166.345
2012-01-21 12:00:00,184.385
2012-01-21 13:00:00,194.575
2012-01-21 14:00:00,172.545
2012-01-21 15:00:00,171.11
2012-01-21 16:00:00,175.06
2012-01-21 17:00:00,140.88
2012-01-21 18:00:00,128.22
2012-01-21 19:00:00,103.52
2012-01-21 20:00:00,107.2
2012-01-21 21:00:00,77.2
2012-01-21 22:00:00,64.15
2012-01-21 23:00:00,59.495
2012-01-22 00:00:00,55.665
2012-01-22 01:00:00,48.59
2012-01-22 02:00:00,45.92
2012-01-22 03:00:00,22.32
2012-01-22 04:00:00,4.925
2012-01-22 05:00:00,4.345
2012-01-22 06:00:00,5.965
2012-01-22 07:00:00,18.735
2012-01-22 08:00:00,58.84
2012-01-22 09:00:00,102.475
2012-01-22 10:00:00,133.845
2012-01-22 11:00:00,152.95
2012-01-22 12:00:00,161.29
2012-01-22 13:00:00,163.31
2012-01-22 14:00:00,160.455
2012-01-22 15:00:00,155.225
2012-01-22 16:00:00,134.54
2012-01-22 17:00:00,121.65
2012-01-22 18:00:00,109.655
2012-01-22 19:00:00,101.175
2012-01-22 20:00:00,94.515
2012-01-22 21:00:00,75.185
2012-01-22 22:00:00,57.695
2012-01-22 23:00:00,43.435
2012-01-23 00:00:00,16.565
2012-01-23 01:00:00,5.79
2012-01-23 02:00:00,3.865
2012-01-23 03:00:00,3.305
2012-01-23 04:00:00,3.455
2012-01-23 05:00:00,19.75
2012-01-23 06:00:00,77.515
2012-01-23 07:00:00,149.505
2012-01-23 08:00:00,206.305
2012-01-23 09:00:00,205.405
2012-01-23 10:00:00,94.9
2012-01-23 11:00:00,96.595
2012-01-23 12:00:00,98.12
2012-01-23 13:00:00,76.87
2012-01-23 14:00:00,71.065
2012-01-23 15:00:00,100.62
2012-01-23 16:00:00,182.94
2012-01-23 17:00:00,243.95
2012-01-23 18:00:00,246.915
2012-01-23 19:00:00,200.99
2012-01-23 20:00:00,116.815
2012-01-23 21:00:00,98.07
2012-01-23 22:00:00,79.69
2012-01-23 23:00:00,46.055
2012-01-24 00:00:00,16.835
2012-01-24 01:00:00,6.375
2012-01-24 02:00:00,5.83
2012-01-24 03:00:00,2.895
2012-01-24 04:00:00,3.3
2012-01-24 05:00:00,19.375
2012-01-24 06:00:00,79.4
2012-01-24 07:00:00,247.75
2012-01-24 08:00:00,480.03
2012-01-24 09:00:00,187.3
2012-01-24 10:00:00,96.02
2012-01-24 11:00:00,90.66
2012-01-24 12:00:00,107.045
2012-01-24 13:00:00,107.065
2012-01-24 14:00:00,123.285
2012-01-24 15:00:00,142.735
2012-01-24 16:00:00,245.7
2012-01-24 17:00:00,450.27
2012-01-24 18:00:00,419.495
2012-01-24 19:00:00,319.485
2012-01-24 20:00:00,154.155
2012-01-24 21:00:00,156.48
2012-01-24 22:00:00,104.54
2012-01-24 23:00:00,58.035
2012-01-25 00:00:00,17.06
2012-01-25 01:00:00,8.57
2012-01-25 02:00:00,6.855
2012-01-25 03:00:00,3.19
2012-01-25 04:00:00,2.825
2012-01-25 05:00:00,19.635
2012-01-25 06:00:00,75.865
2012-01-25 07:00:00,235.545
2012-01-25 08:00:00,465.29
2012-01-25 09:00:00,214.295
2012-01-25 10:00:00,117.48
2012-01-25 11:00:00,113.315
2012-01-25 12:00:00,139.59
2012-01-25 13:00:00,146.76
2012-01-25 14:00:00,136.565
2012-01-25 15:00:00,153.71
2012-01-25 16:00:00,212.15
2012-01-25 17:00:00,386.03
2012-01-25 18:00:00,353.44
2012-01-25 19:00:00,267.56
2012-01-25 20:00:00,152.21
2012-01-25 21:00:00,131.04
2012-01-25 22:00:00,102.655
2012-01-25 23:00:00,54.335
2012-01-26 00:00:00,21.815
2012-01-26 01:00:00,7.49
2012-01-26 02:00:00,7.32
2012-01-26 03:00:00,3.095
2012-01-26 04:00:00,3.455
2012-01-26 05:00:00,20.525
2012-01-26 06:00:00,80.425
2012-01-26 07:00:00,230.45
2012-01-26 08:00:00,485.165
2012-01-26 09:00:00,229.4
2012-01-26 10:00:00,103.805
2012-01-26 11:00:00,105.26
2012-01-26 12:00:00,134.25
2012-01-26 13:00:00,159.665
2012-01-26 14:00:00,162.39
2012-01-26 15:00:00,171.175
2012-01-26 16:00:00,243.955
2012-01-26 17:00:00,428.65
2012-01-26 18:00:00,425.92
2012-01-26 19:00:00,301.32
2012-01-26 20:00:00,194.255
2012-01-26 21:00:00,156.615
2012-01-26 22:00:00,132.82
2012-01-26 23:00:00,86.24
2012-01-27 00:00:00,36.4
2012-01-27 01:00:00,15.75
2012-01-27 02:00:00,8.535
2012-01-27 03:00:00,4.07
2012-01-27 04:00:00,3.275
2012-01-27 05:00:00,21.255
2012-01-27 06:00:00,92.11
2012-01-27 07:00:00,282.545
2012-01-27 08:00:00,369.88
2012-01-27 09:00:00,181.835
2012-01-27 10:00:00,114.21
2012-01-27 11:00:00,195.27
2012-01-27 12:00:00,223.275
2012-01-27 13:00:00,203.62
2012-01-27 14:00:00,200.59
2012-01-27 15:00:00,196.1
2012-01-27 16:00:00,261.275
2012-01-27 17:00:00,446.05
2012-01-27 18:00:00,401.8
2012-01-27 19:00:00,282.42
2012-01-27 20:00:00,160.17
2012-01-27 21:00:00,144.475
2012-01-27 22:00:00,106.1
2012-01-27 23:00:00,68.21
2012-01-28 00:00:00,66.34
2012-01-28 01:00:00,51.54
2012-01-28 02:00:00,44.335
2012-01-28 03:00:00,22.67
2012-01-28 04:00:00,5.28
2012-01-28 05:00:00,4.22
2012-01-28 06:00:00,7.16
2012-01-28 07:00:00,34.985
2012-01-28 08:00:00,85.515
2012-01-28 09:00:00,123.98
2012-01-28 10:00:00,177.99
2012-01-28 11:00:00,209.015
2012-01-28 12:00:00,215.135
2012-01-28 13:00:00,275.95
2012-01-28 14:00:00,318.005
2012-01-28 15:00:00,335.39
2012-01-28 16:00:00,387.06
2012-01-28 17:00:00,373.025
2012-01-28 18:00:00,297.345
2012-01-28 19:00:00,226.88
2012-01-28 20:00:00,170.915
2012-01-28 21:00:00,131.74
2012-01-28 22:00:00,105.805
2012-01-28 23:00:00,77.675
2012-01-29 00:00:00,71.34
2012-01-29 01:00:00,58.04
2012-01-29 02:00:00,45.875
2012-01-29 03:00:00,23.275
2012-01-29 04:00:00,5.325
2012-01-29 05:00:00,4.725
2012-01-29 06:00:00,7.635
2012-01-29 07:00:00,25.9
2012-01-29 08:00:00,73.09
2012-01-29 09:00:00,99.385
2012-01-29 10:00:00,169.415
2012-01-29 11:00:00,212.23
2012-01-29 12:00:00,245.62
2012-01-29 13:00:00,246.255
2012-01-29 14:00:00,242.305
2012-01-29 15:00:00,320.505
2012-01-29 16:00:00,298.855
2012-01-29 17:00:00,274.685
2012-01-29 18:00:00,207.44
2012-01-29 19:00:00,139.12
2012-01-29 20:00:00,112.15
2012-01-29 21:00:00,105.48
2012-01-29 22:00:00,93.05
2012-01-29 23:00:00,53.74
2012-01-30 00:00:00,23.92
2012-01-30 01:00:00,3.705
2012-01-30 02:00:00,4.385
2012-01-30 03:00:00,2.45
2012-01-30 04:00:00,2.53
2012-01-30 05:00:00,18.135
2012-01-30 06:00:00,81.1
2012-01-30 07:00:00,232.895
2012-01-30 08:00:00,416.93
2012-01-30 09:00:00,202.185
2012-01-30 10:00:00,112.865
2012-01-30 11:00:00,115.625
2012-01-30 12:00:00,135.715
2012-01-30 13:00:00,126.785
2012-01-30 14:00:00,132.22
2012-01-30 15:00:00,133.18
2012-01-30 16:00:00,202.545
2012-01-30 17:00:00,396.64
2012-01-30 18:00:00,391.69
2012-01-30 19:00:00,271.19
2012-01-30 20:00:00,169.555
2012-01-30 21:00:00,138.365
2012-01-30 22:00:00,83.355
2012-01-30 23:00:00,48.24
2012-01-31 00:00:00,16.75
2012-01-31 01:00:00,5.405
2012-01-31 02:00:00,4.265
2012-01-31 03:00:00,2.595
2012-01-31 04:00:00,2.46
2012-01-31 05:00:00,18.225
2012-01-31 06:00:00,86.07
2012-01-31 07:00:00,236.35
2012-01-31 08:00:00,472.78
2012-01-31 09:00:00,208.05
2012-01-31 10:00:00,113.36
2012-01-31 11:00:00,125.805
2012-01-31 12:00:00,146.935
2012-01-31 13:00:00,177.485
2012-01-31 14:00:00,183.22
2012-01-31 15:00:00,198.495
2012-01-31 16:00:00,282.9
2012-01-31 17:00:00,513.655
2012-01-31 18:00:00,505.995
2012-01-31 19:00:00,338.96
2012-01-31 20:00:00,182.75
2012-01-31 21:00:00,184.925
2012-01-31 22:00:00,117.5
2012-01-31 23:00:00,71.14
2012-02-20 00:00:00,29.995
2012-02-20 01:00:00,26.25
2012-02-20 02:00:00,18.645
2012-02-20 03:00:00,6.26
2012-02-20 05:00:00,7.875
2012-02-20 06:00:00,17.035
2012-02-20 07:00:00,21.54
2012-02-20 08:00:00,92.105
2012-02-20 09:00:00,130.92
2012-02-20 10:00:00,158.775
2012-02-20 11:00:00,175.99
2012-02-20 12:00:00,193.28
2012-02-20 13:00:00,205.215
2012-02-20 14:00:00,226.31
2012-02-20 15:00:00,280.595
2012-02-20 16:00:00,347.955
2012-02-20 17:00:00,352.755
2012-02-20 18:00:00,222.965
2012-02-20 19:00:00,193.805
2012-02-20 20:00:00,168.845
2012-02-20 21:00:00,133.7
2012-02-20 22:00:00,97.76
2012-02-20 23:00:00,52.855
2012-02-21 00:00:00,19.195
2012-02-21 01:00:00,6.465
2012-02-21 02:00:00,3.62
2012-02-21 04:00:00,1.96
2012-02-21 05:00:00,20.295
2012-02-21 06:00:00,77.925
2012-02-21 07:00:00,270.54
2012-02-21 08:00:00,468.245
2012-02-21 09:00:00,256.73
2012-02-21 10:00:00,106.015
2012-02-21 11:00:00,113.255
2012-02-21 12:00:00,137.925
2012-02-21 13:00:00,151.28
2012-02-21 14:00:00,148.245
2012-02-21 15:00:00,153.795
2012-02-21 16:00:00,247.595
2012-02-21 17:00:00,429.65
2012-02-21 18:00:00,424.99
2012-02-21 19:00:00,290.95
2012-02-21 20:00:00,186.805
2012-02-21 21:00:00,172.115
2012-02-21 22:00:00,103.195
2012-02-21 23:00:00,56.91
2012-02-22 00:00:00,22.605
2012-02-22 01:00:00,9.025
2012-02-22 02:00:00,4.475
2012-02-22 03:00:00,2.64
2012-02-22 04:00:00,2.23
2012-02-22 05:00:00,20.865
2012-02-22 06:00:00,80.625
2012-02-22 07:00:00,287.31
2012-02-22 08:00:00,515.555
2012-02-22 09:00:00,250.035
2012-02-22 10:00:00,116.945
2012-02-22 11:00:00,138.97
2012-02-22 12:00:00,153.195
2012-02-22 13:00:00,157.865
2012-02-22 14:00:00,159.03
2012-02-22 15:00:00,196.56
2012-02-22 16:00:00,284.865
2012-02-22 17:00:00,509.25
2012-02-22 18:00:00,462.23
2012-02-22 19:00:00,321.185
2012-02-22 20:00:00,211.175
2012-02-22 21:00:00,187.435
2012-02-22 22:00:00,117.32
2012-02-22 23:00:00,82.36
2012-02-23 00:00:00,35.025
2012-02-23 01:00:00,9.635
2012-02-23 02:00:00,8.665
2012-02-23 03:00:00,3.23
2012-02-23 04:00:00,2.875
2012-02-23 05:00:00,21.515
2012-02-23 06:00:00,85.1
2012-02-23 07:00:00,278.585
2012-02-23 08:00:00,504.925
2012-02-23 09:00:00,253.045
2012-02-23 10:00:00,141.365
2012-02-23 11:00:00,173.74
2012-02-23 12:00:00,197.315
2012-02-23 13:00:00,192.225
2012-02-23 14:00:00,197.895
2012-02-23 15:00:00,206.015
2012-02-23 16:00:00,307.54
2012-02-23 17:00:00,536.645
2012-02-23 18:00:00,519.935
2012-02-23 19:00:00,349.195
2012-02-23 20:00:00,215.84
2012-02-23 21:00:00,168.175
2012-02-23 22:00:00,138.405
2012-02-23 23:00:00,114.33
2012-02-24 00:00:00,43.7
2012-02-24 01:00:00,20.785
2012-02-24 02:00:00,7.915
2012-02-24 03:00:00,6.11
2012-02-24 04:00:00,4.445
2012-02-24 05:00:00,20.31
2012-02-24 06:00:00,81.35
2012-02-24 07:00:00,286.91
2012-02-24 08:00:00,498.73
2012-02-24 09:00:00,160.825
2012-02-24 10:00:00,99.475
2012-02-24 11:00:00,153.405
2012-02-24 12:00:00,177.05
2012-02-24 13:00:00,177.06
2012-02-24 14:00:00,200.42
2012-02-24 15:00:00,118.74
2012-02-24 16:00:00,181.775
2012-02-24 17:00:00,328.715
2012-02-24 18:00:00,401.35
2012-02-24 19:00:00,302.62
2012-02-24 20:00:00,190.195
2012-02-24 21:00:00,150.2
2012-02-24 22:00:00,122.27
2012-02-24 23:00:00,86.43
2012-02-25 00:00:00,77.395
2012-02-25 01:00:00,61.255
2012-02-25 02:00:00,44.49
2012-02-25 03:00:00,15.935
2012-02-25 04:00:00,4.845
2012-02-25 05:00:00,4.175
2012-02-25 06:00:00,8.685
2012-02-25 07:00:00,39.39
2012-02-25 08:00:00,80.29
2012-02-25 09:00:00,126.985
2012-02-25 10:00:00,192.135
2012-02-25 11:00:00,225.91
2012-02-25 12:00:00,285.655
2012-02-25 13:00:00,303.19
2012-02-25 14:00:00,279.485
2012-02-25 15:00:00,296.655
2012-02-25 16:00:00,244.78
2012-02-25 17:00:00,199.63
2012-02-25 18:00:00,185.955
2012-02-25 19:00:00,121.13
2012-02-25 20:00:00,116.67
2012-02-25 21:00:00,86.77
2012-02-25 22:00:00,75.735
2012-02-25 23:00:00,55.44
2012-02-26 00:00:00,65.22
2012-02-26 01:00:00,53.835
2012-02-26 02:00:00,46.05
2012-02-26 03:00:00,23.34
2012-02-26 04:00:00,4.36
2012-02-26 05:00:00,4.26
2012-02-26 06:00:00,7.155
2012-02-26 07:00:00,17.7
2012-02-26 08:00:00,62.415
2012-02-26 09:00:00,101.57
2012-02-26 10:00:00,191.555
2012-02-26 11:00:00,219.995
2012-02-26 12:00:00,265.34
2012-02-26 13:00:00,279.465
2012-02-26 14:00:00,317.315
2012-02-26 15:00:00,336.86
2012-02-26 16:00:00,306.925
2012-02-26 17:00:00,273.16
2012-02-26 18:00:00,212.26
2012-02-26 19:00:00,163.765
2012-02-26 20:00:00,131.65
2012-02-26 21:00:00,104.23
2012-02-26 22:00:00,97.515
2012-02-26 23:00:00,43.875
2012-02-27 00:00:00,16.43
2012-02-27 01:00:00,6.325
2012-02-27 02:00:00,5.02
2012-02-27 03:00:00,2.355
2012-02-27 04:00:00,2.035
2012-02-27 05:00:00,18.97
2012-02-27 06:00:00,84.765
2012-02-27 07:00:00,254.465
2012-02-27 08:00:00,442.655
2012-02-27 09:00:00,228.965
2012-02-27 10:00:00,131.855
2012-02-27 11:00:00,143.52
2012-02-27 12:00:00,157.205
2012-02-27 13:00:00,163.125
2012-02-27 14:00:00,170.47
2012-02-27 15:00:00,196.01
2012-02-27 16:00:00,287.885
2012-02-27 17:00:00,536.19
2012-02-27 18:00:00,500.38
2012-02-27 19:00:00,346.75
2012-02-27 20:00:00,214.875
2012-02-27 21:00:00,189.355
2012-02-27 22:00:00,116.525
2012-02-27 23:00:00,72.93
2012-02-28 00:00:00,28.085
2012-02-28 01:00:00,10.535
2012-02-28 02:00:00,7.24
2012-02-28 03:00:00,2.85
2012-02-28 04:00:00,2.455
2012-02-28 05:00:00,19.09
2012-02-28 06:00:00,90.84
2012-02-28 07:00:00,274.86
2012-02-28 08:00:00,466.81
2012-02-28 09:00:00,243.47
2012-02-28 10:00:00,126.05
2012-02-28 11:00:00,132.285
2012-02-28 12:00:00,151.21
2012-02-28 13:00:00,152.76
2012-02-28 14:00:00,143.65
2012-02-28 15:00:00,155.845
2012-02-28 16:00:00,263.94
2012-02-28 17:00:00,499.64
2012-02-28 18:00:00,495.945
2012-02-28 19:00:00,300.91
2012-02-28 20:00:00,185.16
2012-02-28 21:00:00,157.84
2012-02-28 22:00:00,107.965
2012-02-28 23:00:00,58.665
2012-02-29 00:00:00,23.025
2012-02-29 01:00:00,7.545
2012-02-29 02:00:00,4.135
2012-02-29 03:00:00,1.925
2012-02-29 05:00:00,21.35
2012-02-29 06:00:00,81.76
2012-02-29 07:00:00,264.675
2012-02-29 08:00:00,511.285
2012-02-29 09:00:00,121.025
2012-02-29 10:00:00,56.84
2012-02-29 11:00:00,58.075
2012-02-29 12:00:00,58.76
2012-02-29 13:00:00,129.515
2012-02-29 14:00:00,125.445
2012-02-29 15:00:00,141.145
2012-02-29 16:00:00,149.04
2012-02-29 17:00:00,374.155
2012-02-29 18:00:00,313.935
2012-02-29 19:00:00,292.74
2012-02-29 20:00:00,129.19
2012-02-29 21:00:00,102.525
2012-02-29 22:00:00,92.555
2012-02-29 23:00:00,60.1
2012-03-20 00:00:00,27.185
2012-03-20 01:00:00,17.34
2012-03-20 02:00:00,5.93
2012-03-20 03:00:00,4.305
2012-03-20 04:00:00,3.855
2012-03-20 05:00:00,25.895
2012-03-20 06:00:00,118.115
2012-03-20 07:00:00,215.3
2012-03-20 08:00:00,554.345
2012-03-20 09:00:00,334.785
2012-03-20 10:00:00,164.725
2012-03-20 11:00:00,196.135
2012-03-20 12:00:00,227.06
2012-03-20 13:00:00,225.05
2012-03-20 14:00:00,232.12
2012-03-20 15:00:00,248.645
2012-03-20 16:00:00,335.97
2012-03-20 17:00:00,689.48
2012-03-20 18:00:00,690.75
2012-03-20 19:00:00,472.565
2012-03-20 20:00:00,283.05
2012-03-20 21:00:00,231.085
2012-03-20 22:00:00,170.68
2012-03-20 23:00:00,85.1
2012-03-21 00:00:00,31.455
2012-03-21 01:00:00,18.635
2012-03-21 02:00:00,6.265
2012-03-21 03:00:00,3.64
2012-03-21 04:00:00,4.15
2012-03-21 05:00:00,24.27
2012-03-21 06:00:00,118.845
2012-03-21 07:00:00,252.27
2012-03-21 08:00:00,444.92
2012-03-21 09:00:00,331.65
2012-03-21 10:00:00,167.37
2012-03-21 11:00:00,178.135
2012-03-21 12:00:00,224.725
2012-03-21 13:00:00,216.88
2012-03-21 14:00:00,219.335
2012-03-21 15:00:00,229.205
2012-03-21 16:00:00,334.06
2012-03-21 17:00:00,688.585
2012-03-21 18:00:00,691.235
2012-03-21 19:00:00,516.71
2012-03-21 20:00:00,301.84
2012-03-21 21:00:00,237.65
2012-03-21 22:00:00,188.905
2012-03-21 23:00:00,104.075
2012-03-22 00:00:00,43.995
2012-03-22 01:00:00,19.54
2012-03-22 02:00:00,9.405
2012-03-22 03:00:00,6.025
2012-03-22 04:00:00,4.5
2012-03-22 05:00:00,24.48
2012-03-22 06:00:00,120.9
2012-03-22 07:00:00,340.965
2012-03-22 08:00:00,585.69
2012-03-22 09:00:00,309.655
2012-03-22 10:00:00,172.075
2012-03-22 11:00:00,178.015
2012-03-22 12:00:00,207.77
2012-03-22 13:00:00,239.845
2012-03-22 14:00:00,239.785
2012-03-22 15:00:00,258.645
2012-03-22 16:00:00,353.75
2012-03-22 17:00:00,720.93
2012-03-22 18:00:00,726.93
2012-03-22 19:00:00,515.51
2012-03-22 20:00:00,329.0
2012-03-22 21:00:00,256.97
2012-03-22 22:00:00,201.275
2012-03-22 23:00:00,144.61
2012-03-23 00:00:00,54.115
2012-03-23 01:00:00,28.225
2012-03-23 02:00:00,10.455
2012-03-23 03:00:00,7.245
2012-03-23 04:00:00,5.985
2012-03-23 05:00:00,26.29
2012-03-23 06:00:00,117.54
2012-03-23 07:00:00,331.005
2012-03-23 08:00:00,586.835
2012-03-23 09:00:00,308.65
2012-03-23 10:00:00,193.17
2012-03-23 11:00:00,230.93
2012-03-23 12:00:00,337.775
2012-03-23 13:00:00,381.055
2012-03-23 14:00:00,367.97
2012-03-23 15:00:00,372.51
2012-03-23 16:00:00,458.585
2012-03-23 17:00:00,740.965
2012-03-23 18:00:00,712.56
2012-03-23 19:00:00,474.795
2012-03-23 20:00:00,342.615
2012-03-23 21:00:00,275.045
2012-03-23 22:00:00,250.445
2012-03-23 23:00:00,175.635
2012-03-24 00:00:00,107.62
2012-03-24 01:00:00,97.885
2012-03-24 02:00:00,61.5
2012-03-24 03:00:00,27.795
2012-03-24 04:00:00,12.125
2012-03-24 05:00:00,11.42
2012-03-24 06:00:00,35.725
2012-03-24 07:00:00,84.06
2012-03-24 08:00:00,188.21
2012-03-24 09:00:00,264.455
2012-03-24 10:00:00,345.045
2012-03-24 11:00:00,440.585
2012-03-24 12:00:00,373.4
2012-03-24 13:00:00,408.84
2012-03-24 14:00:00,408.055
2012-03-24 15:00:00,410.725
2012-03-24 16:00:00,356.86
2012-03-24 17:00:00,295.03
2012-03-24 18:00:00,237.055
2012-03-24 19:00:00,207.37
2012-03-24 20:00:00,165.415
2012-03-24 21:00:00,128.405
2012-03-24 22:00:00,103.79
2012-03-24 23:00:00,119.965
2012-03-25 00:00:00,84.695
2012-03-25 01:00:00,71.73
2012-03-25 02:00:00,52.7
2012-03-25 03:00:00,18.53
2012-03-25 04:00:00,10.525
2012-03-25 05:00:00,9.365
2012-03-25 06:00:00,22.045
2012-03-25 07:00:00,43.35
2012-03-25 08:00:00,106.415
2012-03-25 09:00:00,175.335
2012-03-25 10:00:00,248.75
2012-03-25 11:00:00,317.0
2012-03-25 12:00:00,361.035
2012-03-25 13:00:00,404.325
2012-03-25 14:00:00,429.945
2012-03-25 15:00:00,430.02
2012-03-25 16:00:00,489.46
2012-03-25 17:00:00,511.38
2012-03-25 18:00:00,373.07
2012-03-25 19:00:00,290.79
2012-03-25 20:00:00,207.305
2012-03-25 21:00:00,146.145
2012-03-25 22:00:00,105.37
2012-03-25 23:00:00,63.555
2012-03-26 00:00:00,26.03
2012-03-26 01:00:00,12.62
2012-03-26 02:00:00,7.83
2012-03-26 03:00:00,3.065
2012-03-26 04:00:00,3.685
2012-03-26 05:00:00,26.035
2012-03-26 06:00:00,114.245
2012-03-26 07:00:00,382.62
2012-03-26 08:00:00,621.07
2012-03-26 09:00:00,302.22
2012-03-26 10:00:00,183.655
2012-03-26 11:00:00,214.355
2012-03-26 12:00:00,237.64
2012-03-26 13:00:00,237.13
2012-03-26 14:00:00,235.575
2012-03-26 15:00:00,238.145
2012-03-26 16:00:00,341.245
2012-03-26 17:00:00,605.285
2012-03-26 18:00:00,555.95
2012-03-26 19:00:00,366.935
2012-03-26 20:00:00,224.49
2012-03-26 21:00:00,186.735
2012-03-26 22:00:00,119.785
2012-03-26 23:00:00,70.71
2012-03-27 00:00:00,31.29
2012-03-27 01:00:00,7.445
2012-03-27 02:00:00,7.41
2012-03-27 03:00:00,2.84
2012-03-27 04:00:00,2.66
2012-03-27 05:00:00,23.145
2012-03-27 06:00:00,98.56
2012-03-27 07:00:00,293.96
2012-03-27 08:00:00,514.86
2012-03-27 09:00:00,282.26
2012-03-27 10:00:00,128.2
2012-03-27 11:00:00,141.455
2012-03-27 12:00:00,163.315
2012-03-27 13:00:00,196.96
2012-03-27 14:00:00,188.67
2012-03-27 15:00:00,211.785
2012-03-27 16:00:00,332.01
2012-03-27 17:00:00,583.855
2012-03-27 18:00:00,527.54
2012-03-27 19:00:00,377.15
2012-03-27 20:00:00,245.055
2012-03-27 21:00:00,175.5
2012-03-27 22:00:00,128.71
2012-03-27 23:00:00,74.82
2012-03-28 00:00:00,26.89
2012-03-28 01:00:00,10.265
2012-03-28 02:00:00,6.63
2012-03-28 03:00:00,3.4
2012-03-28 04:00:00,2.32
2012-03-28 05:00:00,25.885
2012-03-28 06:00:00,112.685
2012-03-28 07:00:00,319.355
2012-03-28 08:00:00,584.775
2012-03-28 09:00:00,311.54
2012-03-28 10:00:00,178.135
2012-03-28 11:00:00,211.78
2012-03-28 12:00:00,243.005
2012-03-28 13:00:00,238.035
2012-03-28 14:00:00,244.475
2012-03-28 15:00:00,254.185
2012-03-28 16:00:00,341.545
2012-03-28 17:00:00,719.015
2012-03-28 18:00:00,724.455
2012-03-28 19:00:00,505.875
2012-03-28 20:00:00,373.315
2012-03-28 21:00:00,255.385
2012-03-28 22:00:00,198.04
2012-03-28 23:00:00,105.065
2012-03-29 00:00:00,49.66
2012-03-29 01:00:00,20.485
2012-03-29 02:00:00,12.03
2012-03-29 03:00:00,5.66
2012-03-29 04:00:00,6.135
2012-03-29 05:00:00,28.605
2012-03-29 06:00:00,120.085
2012-03-29 07:00:00,380.28
2012-03-29 08:00:00,603.36
2012-03-29 09:00:00,328.02
2012-03-29 10:00:00,166.1
2012-03-29 11:00:00,214.025
2012-03-29 12:00:00,230.145
2012-03-29 13:00:00,226.485
2012-03-29 14:00:00,226.21
2012-03-29 15:00:00,241.43
2012-03-29 16:00:00,369.23
2012-03-29 17:00:00,624.74
2012-03-29 18:00:00,616.19
2012-03-29 19:00:00,404.74
2012-03-29 20:00:00,258.395
2012-03-29 21:00:00,195.97
2012-03-29 22:00:00,144.345
2012-03-29 23:00:00,96.915
2012-03-30 00:00:00,51.785
2012-03-30 01:00:00,24.43
2012-03-30 02:00:00,9.44
2012-03-30 03:00:00,7.295
2012-03-30 04:00:00,5.095
2012-03-30 05:00:00,23.16
2012-03-30 06:00:00,88.765
2012-03-30 07:00:00,292.32
2012-03-30 08:00:00,577.51
2012-03-30 09:00:00,320.6408333333334
2012-03-30 10:00:00,172.84
2012-03-30 11:00:00,191.45
2012-03-30 12:00:00,212.22
2012-03-30 13:00:00,136.685
2012-03-30 14:00:00,130.735
2012-03-30 15:00:00,124.835
2012-03-30 16:00:00,202.325
2012-03-30 17:00:00,512.74
2012-03-30 18:00:00,539.485
2012-03-30 19:00:00,352.5
2012-03-30 20:00:00,241.08
2012-03-30 21:00:00,185.04
2012-03-30 22:00:00,153.49
2012-03-30 23:00:00,115.96
2012-03-31 00:00:00,82.36
2012-03-31 01:00:00,66.75
2012-03-31 02:00:00,49.975
2012-03-31 03:00:00,22.785
2012-03-31 04:00:00,9.78
2012-03-31 05:00:00,8.79
2012-03-31 06:00:00,31.985
2012-03-31 07:00:00,46.095
2012-03-31 08:00:00,139.34
2012-03-31 09:00:00,251.67
2012-03-31 10:00:00,300.125
2012-03-31 11:00:00,476.095
2012-03-31 12:00:00,525.82
2012-03-31 13:00:00,567.905
2012-03-31 14:00:00,512.515
2012-03-31 15:00:00,505.47
2012-03-31 16:00:00,481.135
2012-03-31 17:00:00,492.825
2012-03-31 18:00:00,326.895
2012-03-31 19:00:00,256.73
2012-03-31 20:00:00,194.025
2012-03-31 21:00:00,166.79
2012-03-31 22:00:00,137.89
2012-03-31 23:00:00,89.155
2012-04-20 00:00:00,54.66
2012-04-20 01:00:00,29.325
2012-04-20 02:00:00,9.075
2012-04-20 03:00:00,7.815
2012-04-20 04:00:00,6.215
2012-04-20 05:00:00,28.51
2012-04-20 06:00:00,112.155
2012-04-20 07:00:00,357.2
2012-04-20 08:00:00,622.36
2012-04-20 09:00:00,316.968
2012-04-20 10:00:00,196.615
2012-04-20 11:00:00,248.81
2012-04-20 12:00:00,330.99
2012-04-20 13:00:00,377.585
2012-04-20 14:00:00,373.455
2012-04-20 15:00:00,383.535
2012-04-20 16:00:00,488.075
2012-04-20 17:00:00,719.34
2012-04-20 18:00:00,683.54
2012-04-20 19:00:00,485.005
2012-04-20 20:00:00,339.23
2012-04-20 21:00:00,262.755
2012-04-20 22:00:00,214.595
2012-04-20 23:00:00,171.44
2012-04-21 00:00:00,112.42
2012-04-21 01:00:00,100.027
2012-04-21 02:00:00,64.035
2012-04-21 03:00:00,29.81
2012-04-21 04:00:00,12.085
2012-04-21 05:00:00,13.06
2012-04-21 06:00:00,38.395
2012-04-21 07:00:00,87.005
2012-04-21 08:00:00,194.045
2012-04-21 09:00:00,300.975
2012-04-21 10:00:00,354.65
2012-04-21 11:00:00,426.54
2012-04-21 12:00:00,524.54
2012-04-21 13:00:00,637.89
2012-04-21 14:00:00,618.75
2012-04-21 15:00:00,620.385
2012-04-21 16:00:00,629.68
2012-04-21 17:00:00,594.005
2012-04-21 18:00:00,462.755
2012-04-21 19:00:00,337.415
2012-04-21 20:00:00,212.47
2012-04-21 21:00:00,133.515
2012-04-21 22:00:00,177.615
2012-04-21 23:00:00,124.89
2012-04-22 00:00:00,103.945
2012-04-22 01:00:00,93.34
2012-04-22 02:00:00,64.285
2012-04-22 03:00:00,25.26
2012-04-22 04:00:00,12.235
2012-04-22 05:00:00,12.145
2012-04-22 06:00:00,42.335
2012-04-22 07:00:00,48.87
2012-04-22 08:00:00,76.725
2012-04-22 09:00:00,155.27
2012-04-22 10:00:00,271.525
2012-04-22 11:00:00,304.775
2012-04-22 12:00:00,319.235
2012-04-22 13:00:00,337.8
2012-04-22 14:00:00,309.015
2012-04-22 15:00:00,308.455
2012-04-22 16:00:00,285.395
2012-04-22 17:00:00,253.22
2012-04-22 18:00:00,186.15
2012-04-22 19:00:00,148.085
2012-04-22 20:00:00,128.43
2012-04-22 21:00:00,95.67
2012-04-22 22:00:00,86.5
2012-04-22 23:00:00,56.945
2012-04-23 00:00:00,22.88
2012-04-23 01:00:00,8.075
2012-04-23 02:00:00,6.53
2012-04-23 03:00:00,2.96
2012-04-23 04:00:00,2.465
2012-04-23 05:00:00,19.81
2012-04-23 06:00:00,96.93
2012-04-23 07:00:00,196.24
2012-04-23 08:00:00,570.21
2012-04-23 09:00:00,289.11
2012-04-23 10:00:00,134.175
2012-04-23 11:00:00,135.97
2012-04-23 12:00:00,107.075
2012-04-23 13:00:00,111.255
2012-04-23 14:00:00,150.965
2012-04-23 15:00:00,199.52
2012-04-23 16:00:00,186.755
2012-04-23 17:00:00,460.1
2012-04-23 18:00:00,452.63
2012-04-23 19:00:00,387.785
2012-04-23 20:00:00,175.945
2012-04-23 21:00:00,145.84
2012-04-23 22:00:00,115.325
2012-04-23 23:00:00,63.335
2012-04-24 00:00:00,22.715
2012-04-24 01:00:00,10.445
2012-04-24 02:00:00,4.585
2012-04-24 03:00:00,2.72
2012-04-24 04:00:00,1.81
2012-04-24 05:00:00,24.225
2012-04-24 06:00:00,100.5
2012-04-24 07:00:00,323.0
2012-04-24 08:00:00,626.98
2012-04-24 09:00:00,325.295
2012-04-24 10:00:00,183.92
2012-04-24 11:00:00,233.005
2012-04-24 12:00:00,265.555
2012-04-24 13:00:00,266.93
2012-04-24 14:00:00,252.305
2012-04-24 15:00:00,270.88
2012-04-24 16:00:00,407.99
2012-04-24 17:00:00,680.785
2012-04-24 18:00:00,695.07
2012-04-24 19:00:00,489.21
2012-04-24 20:00:00,288.955
2012-04-24 21:00:00,226.72
2012-04-24 22:00:00,159.035
2012-04-24 23:00:00,88.61
2012-04-25 00:00:00,35.895
2012-04-25 01:00:00,10.84
2012-04-25 02:00:00,6.0
2012-04-25 03:00:00,2.325
2012-04-25 04:00:00,1.97
2012-04-25 05:00:00,25.925
2012-04-25 06:00:00,101.935
2012-04-25 07:00:00,374.925
2012-04-25 08:00:00,643.74
2012-04-25 09:00:00,341.17
2012-04-25 10:00:00,206.615
2012-04-25 11:00:00,242.125
2012-04-25 12:00:00,273.02
2012-04-25 13:00:00,285.125
2012-04-25 14:00:00,245.3
2012-04-25 15:00:00,310.47
2012-04-25 16:00:00,393.555
2012-04-25 17:00:00,742.625
2012-04-25 18:00:00,743.41
2012-04-25 19:00:00,529.29
2012-04-25 20:00:00,363.415
2012-04-25 21:00:00,259.895
2012-04-25 22:00:00,195.665
2012-04-25 23:00:00,99.695
2012-04-26 00:00:00,41.955
2012-04-26 01:00:00,16.46
2012-04-26 02:00:00,9.795
2012-04-26 03:00:00,4.88
2012-04-26 04:00:00,5.105
2012-04-26 05:00:00,24.865
2012-04-26 06:00:00,126.265
2012-04-26 07:00:00,304.485
2012-04-26 08:00:00,542.085
2012-04-26 09:00:00,198.905
2012-04-26 10:00:00,166.115
2012-04-26 11:00:00,162.205
2012-04-26 12:00:00,214.18
2012-04-26 13:00:00,213.72
2012-04-26 14:00:00,218.535
2012-04-26 15:00:00,224.04
2012-04-26 16:00:00,281.945
2012-04-26 17:00:00,504.645
2012-04-26 18:00:00,496.245
2012-04-26 19:00:00,452.425
2012-04-26 20:00:00,323.31
2012-04-26 21:00:00,238.95
2012-04-26 22:00:00,208.705
2012-04-26 23:00:00,137.94
2012-04-27 00:00:00,53.895
2012-04-27 01:00:00,30.595
2012-04-27 02:00:00,13.895
2012-04-27 03:00:00,6.95
2012-04-27 04:00:00,5.005
2012-04-27 05:00:00,29.11
2012-04-27 06:00:00,101.85
2012-04-27 07:00:00,330.26
2012-04-27 08:00:00,624.195
2012-04-27 09:00:00,356.5025
2012-04-27 10:00:00,212.585
2012-04-27 11:00:00,254.31
2012-04-27 12:00:00,360.505
2012-04-27 13:00:00,378.045
2012-04-27 14:00:00,376.505
2012-04-27 15:00:00,401.39
2012-04-27 16:00:00,480.45
2012-04-27 17:00:00,658.655
2012-04-27 18:00:00,623.555
2012-04-27 19:00:00,454.385
2012-04-27 20:00:00,306.17
2012-04-27 21:00:00,197.765
2012-04-27 22:00:00,154.61
2012-04-27 23:00:00,109.13
2012-04-28 00:00:00,87.805
2012-04-28 01:00:00,61.41
2012-04-28 02:00:00,50.505
2012-04-28 03:00:00,24.92
2012-04-28 04:00:00,10.255
2012-04-28 05:00:00,9.995
2012-04-28 06:00:00,26.7
2012-04-28 07:00:00,74.655
2012-04-28 08:00:00,151.925
2012-04-28 09:00:00,256.61
2012-04-28 10:00:00,322.59
2012-04-28 11:00:00,378.73
2012-04-28 12:00:00,386.31
2012-04-28 13:00:00,445.95
2012-04-28 14:00:00,501.445
2012-04-28 15:00:00,482.235
2012-04-28 16:00:00,463.435
2012-04-28 17:00:00,407.815
2012-04-28 18:00:00,260.265
2012-04-28 19:00:00,208.895
2012-04-28 20:00:00,182.345
2012-04-28 21:00:00,137.425
2012-04-28 22:00:00,151.015
2012-04-28 23:00:00,117.225
2012-04-29 00:00:00,44.495
2012-04-29 01:00:00,70.555
2012-04-29 02:00:00,64.035
2012-04-29 03:00:00,23.025
2012-04-29 04:00:00,12.365
2012-04-29 05:00:00,12.63
2012-04-29 06:00:00,29.615
2012-04-29 07:00:00,66.705
2012-04-29 08:00:00,106.56
2012-04-29 09:00:00,241.045
2012-04-29 10:00:00,345.925
2012-04-29 11:00:00,478.23
2012-04-29 12:00:00,553.685
2012-04-29 13:00:00,584.64
2012-04-29 14:00:00,575.16
2012-04-29 15:00:00,599.35
2012-04-29 16:00:00,485.15
2012-04-29 17:00:00,461.605
2012-04-29 18:00:00,406.665
2012-04-29 19:00:00,306.63
2012-04-29 20:00:00,244.305
2012-04-29 21:00:00,165.545
2012-04-29 22:00:00,127.605
2012-04-29 23:00:00,77.155
2012-04-30 00:00:00,33.105
2012-04-30 01:00:00,11.72
2012-04-30 02:00:00,8.9
2012-04-30 03:00:00,3.36
2012-04-30 04:00:00,2.78
2012-04-30 05:00:00,26.22
2012-04-30 06:00:00,112.09
2012-04-30 07:00:00,360.085
2012-04-30 08:00:00,616.14
2012-04-30 09:00:00,319.56
2012-04-30 10:00:00,192.88
2012-04-30 11:00:00,207.165
2012-04-30 12:00:00,235.815
2012-04-30 13:00:00,243.105
2012-04-30 14:00:00,236.64
2012-04-30 15:00:00,252.12
2012-04-30 16:00:00,351.74
2012-04-30 17:00:00,745.86
2012-04-30 18:00:00,712.91
2012-04-30 19:00:00,488.295
2012-04-30 20:00:00,294.435
2012-04-30 21:00:00,226.46
2012-04-30 22:00:00,152.6
2012-04-30 23:00:00,80.405
2012-05-20 00:00:00,145.625
2012-05-20 01:00:00,108.71116666666667
2012-05-20 02:00:00,74.725
2012-05-20 03:00:00,35.965
2012-05-20 04:00:00,13.625
2012-05-20 05:00:00,13.16
2012-05-20 06:00:00,20.98
2012-05-20 07:00:00,55.395
2012-05-20 08:00:00,140.82
2012-05-20 09:00:00,285.38
2012-05-20 10:00:00,426.695
2012-05-20 11:00:00,586.28
2012-05-20 12:00:00,662.52
2012-05-20 13:00:00,654.64
2012-05-20 14:00:00,609.45
2012-05-20 15:00:00,593.155
2012-05-20 16:00:00,569.145
2012-05-20 17:00:00,528.56
2012-05-20 18:00:00,437.475
2012-05-20 19:00:00,390.075
2012-05-20 20:00:00,269.055
2012-05-20 21:00:00,211.605
2012-05-20 22:00:00,153.8
2012-05-20 23:00:00,95.185
2012-05-21 00:00:00,32.285
2012-05-21 01:00:00,16.235
2012-05-21 02:00:00,6.24
2012-05-21 03:00:00,4.07
2012-05-21 04:00:00,4.345
2012-05-21 05:00:00,17.7
2012-05-21 06:00:00,65.57
2012-05-21 07:00:00,193.06
2012-05-21 08:00:00,245.0
2012-05-21 09:00:00,145.715
2012-05-21 10:00:00,92.7
2012-05-21 11:00:00,143.435
2012-05-21 12:00:00,178.265
2012-05-21 13:00:00,102.755
2012-05-21 14:00:00,112.185
2012-05-21 15:00:00,223.0
2012-05-21 16:00:00,293.405
2012-05-21 17:00:00,685.42
2012-05-21 18:00:00,704.525
2012-05-21 19:00:00,518.78
2012-05-21 20:00:00,354.925
2012-05-21 21:00:00,278.46
2012-05-21 22:00:00,156.78
2012-05-21 23:00:00,90.875
2012-05-22 00:00:00,39.405
2012-05-22 01:00:00,18.34
2012-05-22 02:00:00,7.135
2012-05-22 03:00:00,5.905
2012-05-22 04:00:00,4.935
2012-05-22 05:00:00,16.905
2012-05-22 06:00:00,72.01
2012-05-22 07:00:00,213.975
2012-05-22 08:00:00,524.175
2012-05-22 09:00:00,338.225
2012-05-22 10:00:00,175.32
2012-05-22 11:00:00,204.61
2012-05-22 12:00:00,197.85
2012-05-22 13:00:00,254.1
2012-05-22 14:00:00,207.3
2012-05-22 15:00:00,264.785
2012-05-22 16:00:00,372.605
2012-05-22 17:00:00,723.235
2012-05-22 18:00:00,723.725
2012-05-22 19:00:00,509.85
2012-05-22 20:00:00,379.325
2012-05-22 21:00:00,271.215
2012-05-22 22:00:00,181.06
2012-05-22 23:00:00,106.29
2012-05-23 00:00:00,45.995
2012-05-23 01:00:00,20.995
2012-05-23 02:00:00,8.065
2012-05-23 03:00:00,6.13
2012-05-23 04:00:00,5.115
2012-05-23 05:00:00,19.115
2012-05-23 06:00:00,142.2
2012-05-23 07:00:00,431.165
2012-05-23 08:00:00,635.295
2012-05-23 09:00:00,333.14
2012-05-23 10:00:00,177.45
2012-05-23 11:00:00,218.335
2012-05-23 12:00:00,276.87
2012-05-23 13:00:00,218.795
2012-05-23 14:00:00,248.375
2012-05-23 15:00:00,288.085
2012-05-23 16:00:00,351.94
2012-05-23 17:00:00,663.85
2012-05-23 18:00:00,674.5
2012-05-23 19:00:00,373.955
2012-05-23 20:00:00,253.855
2012-05-23 21:00:00,202.81
2012-05-23 22:00:00,178.75
2012-05-23 23:00:00,116.1
2012-05-24 00:00:00,67.815
2012-05-24 01:00:00,23.005
2012-05-24 02:00:00,12.685
2012-05-24 03:00:00,6.13
2012-05-24 04:00:00,5.085
2012-05-24 05:00:00,25.59
2012-05-24 06:00:00,135.58
2012-05-24 07:00:00,445.945
2012-05-24 08:00:00,666.5841666666665
2012-05-24 09:00:00,337.855
2012-05-24 10:00:00,183.515
2012-05-24 11:00:00,233.28
2012-05-24 12:00:00,296.94
2012-05-24 13:00:00,291.245
2012-05-24 14:00:00,245.72
2012-05-24 15:00:00,274.47
2012-05-24 16:00:00,366.015
2012-05-24 17:00:00,746.215
2012-05-24 18:00:00,748.24
2012-05-24 19:00:00,560.835
2012-05-24 20:00:00,356.4
2012-05-24 21:00:00,147.91
2012-05-24 22:00:00,190.885
2012-05-24 23:00:00,133.825
2012-05-25 00:00:00,84.74
2012-05-25 01:00:00,40.96
2012-05-25 02:00:00,11.55
2012-05-25 03:00:00,6.66
2012-05-25 04:00:00,6.41
2012-05-25 05:00:00,26.85
2012-05-25 06:00:00,136.34
2012-05-25 07:00:00,402.43
2012-05-25 08:00:00,621.82
2012-05-25 09:00:00,297.9
2012-05-25 10:00:00,224.05
2012-05-25 11:00:00,248.845
2012-05-25 12:00:00,321.425
2012-05-25 13:00:00,328.705
2012-05-25 14:00:00,321.28
2012-05-25 15:00:00,311.035
2012-05-25 16:00:00,452.935
2012-05-25 17:00:00,685.445
2012-05-25 18:00:00,680.03
2012-05-25 19:00:00,506.03
2012-05-25 20:00:00,361.23
2012-05-25 21:00:00,278.715
2012-05-25 22:00:00,284.38
2012-05-25 23:00:00,198.16
2012-05-26 00:00:00,151.005
2012-05-26 01:00:00,107.885
2012-05-26 02:00:00,73.93
2012-05-26 03:00:00,29.355
2012-05-26 04:00:00,11.245
2012-05-26 05:00:00,11.3
2012-05-26 06:00:00,40.115
2012-05-26 07:00:00,66.025
2012-05-26 08:00:00,180.6
2012-05-26 09:00:00,287.22
2012-05-26 10:00:00,412.085
2012-05-26 11:00:00,460.945
2012-05-26 12:00:00,498.855
2012-05-26 13:00:00,512.055
2012-05-26 14:00:00,499.45
2012-05-26 15:00:00,505.925
2012-05-26 16:00:00,528.175
2012-05-26 17:00:00,514.475
2012-05-26 18:00:00,495.275
2012-05-26 19:00:00,411.5
2012-05-26 20:00:00,276.87
2012-05-26 21:00:00,229.515
2012-05-26 22:00:00,203.39
2012-05-26 23:00:00,172.21
2012-05-27 00:00:00,146.32
2012-05-27 01:00:00,114.735
2012-05-27 02:00:00,81.505
2012-05-27 03:00:00,36.44
2012-05-27 04:00:00,10.4
2012-05-27 05:00:00,10.325
2012-05-27 06:00:00,19.355
2012-05-27 07:00:00,57.07
2012-05-27 08:00:00,152.14
2012-05-27 09:00:00,300.87
2012-05-27 10:00:00,408.555
2012-05-27 11:00:00,469.395
2012-05-27 12:00:00,486.585
2012-05-27 13:00:00,524.61
2012-05-27 14:00:00,501.955
2012-05-27 15:00:00,508.69
2012-05-27 16:00:00,499.73
2012-05-27 17:00:00,497.4
2012-05-27 18:00:00,445.645
2012-05-27 19:00:00,398.265
2012-05-27 20:00:00,300.72
2012-05-27 21:00:00,207.74
2012-05-27 22:00:00,102.88
2012-05-27 23:00:00,91.335
2012-05-28 00:00:00,100.68
2012-05-28 01:00:00,60.625
2012-05-28 02:00:00,38.585
2012-05-28 03:00:00,21.105
2012-05-28 04:00:00,13.225
2012-05-28 05:00:00,25.55
2012-05-28 06:00:00,68.55
2012-05-28 07:00:00,384.315
2012-05-28 08:00:00,173.9
2012-05-28 09:00:00,293.845
2012-05-28 10:00:00,403.9
2012-05-28 11:00:00,449.835
2012-05-28 12:00:00,502.55
2012-05-28 13:00:00,393.885
2012-05-28 14:00:00,388.725
2012-05-28 15:00:00,419.99
2012-05-28 16:00:00,430.495
2012-05-28 17:00:00,441.26
2012-05-28 18:00:00,381.015
2012-05-28 19:00:00,438.13
2012-05-28 20:00:00,352.42
2012-05-28 21:00:00,318.43
2012-05-28 22:00:00,231.18
2012-05-28 23:00:00,174.465
2012-05-29 00:00:00,46.79
2012-05-29 01:00:00,19.47
2012-05-29 02:00:00,9.71
2012-05-29 03:00:00,5.605
2012-05-29 04:00:00,6.2
2012-05-29 05:00:00,27.055
2012-05-29 06:00:00,155.245
2012-05-29 07:00:00,447.67
2012-05-29 08:00:00,649.4725
2012-05-29 09:00:00,320.805
2012-05-29 10:00:00,187.18
2012-05-29 11:00:00,221.465
2012-05-29 12:00:00,262.825
2012-05-29 13:00:00,255.505
2012-05-29 14:00:00,252.3
2012-05-29 15:00:00,261.725
2012-05-29 16:00:00,379.175
2012-05-29 17:00:00,752.34
2012-05-29 18:00:00,754.28
2012-05-29 19:00:00,550.29
2012-05-29 20:00:00,313.245
2012-05-29 21:00:00,157.835
2012-05-29 22:00:00,155.6
2012-05-29 23:00:00,89.09
2012-05-30 00:00:00,41.82
2012-05-30 01:00:00,16.99
2012-05-30 02:00:00,8.105
2012-05-30 03:00:00,4.885
2012-05-30 04:00:00,5.36
2012-05-30 05:00:00,28.07
2012-05-30 06:00:00,147.215
2012-05-30 07:00:00,281.025
2012-05-30 08:00:00,660.9466666666666
2012-05-30 09:00:00,348.495
2012-05-30 10:00:00,175.44
2012-05-30 11:00:00,225.385
2012-05-30 12:00:00,316.915
2012-05-30 13:00:00,312.44
2012-05-30 14:00:00,262.93
2012-05-30 15:00:00,270.555
2012-05-30 16:00:00,389.255
2012-05-30 17:00:00,753.84
2012-05-30 18:00:00,822.63
2012-05-30 19:00:00,520.59
2012-05-30 20:00:00,332.44
2012-05-30 21:00:00,314.15
2012-05-30 22:00:00,268.54
2012-05-30 23:00:00,148.435
2012-05-31 00:00:00,68.52
2012-05-31 01:00:00,30.555
2012-05-31 02:00:00,10.115
2012-05-31 03:00:00,7.33
2012-05-31 04:00:00,7.24
2012-05-31 05:00:00,29.735
2012-05-31 06:00:00,152.985
2012-05-31 07:00:00,468.505
2012-05-31 08:00:00,663.775
2012-05-31 09:00:00,336.055
2012-05-31 10:00:00,195.235
2012-05-31 11:00:00,247.85
2012-05-31 12:00:00,314.505
2012-05-31 13:00:00,297.95
2012-05-31 14:00:00,250.29
2012-05-31 15:00:00,280.69
2012-05-31 16:00:00,412.24
2012-05-31 17:00:00,822.765
2012-05-31 18:00:00,812.41
2012-05-31 19:00:00,521.365
2012-05-31 20:00:00,375.145
2012-05-31 21:00:00,300.64
2012-05-31 22:00:00,268.85
2012-05-31 23:00:00,201.555
2012-06-20 00:00:00,48.535
2012-06-20 01:00:00,23.965
2012-06-20 02:00:00,8.195
2012-06-20 03:00:00,7.5
2012-06-20 04:00:00,7.87
2012-06-20 05:00:00,39.655
2012-06-20 06:00:00,166.38
2012-06-20 07:00:00,398.28
2012-06-20 08:00:00,671.1185714285715
2012-06-20 09:00:00,341.915
2012-06-20 10:00:00,192.49
2012-06-20 11:00:00,209.91
2012-06-20 12:00:00,257.0
2012-06-20 13:00:00,253.095
2012-06-20 14:00:00,229.085
2012-06-20 15:00:00,256.905
2012-06-20 16:00:00,407.435
2012-06-20 17:00:00,744.525
2012-06-20 18:00:00,740.055
2012-06-20 19:00:00,548.555
2012-06-20 20:00:00,447.33
2012-06-20 21:00:00,324.185
2012-06-20 22:00:00,259.61
2012-06-20 23:00:00,137.43
2012-06-21 00:00:00,69.365
2012-06-21 01:00:00,25.525
2012-06-21 02:00:00,10.235
2012-06-21 03:00:00,5.62
2012-06-21 04:00:00,7.46
2012-06-21 05:00:00,37.94
2012-06-21 06:00:00,177.23
2012-06-21 07:00:00,426.53
2012-06-21 08:00:00,680.1979166666667
2012-06-21 09:00:00,303.67
2012-06-21 10:00:00,182.42
2012-06-21 11:00:00,221.0
2012-06-21 12:00:00,276.33
2012-06-21 13:00:00,269.555
2012-06-21 14:00:00,232.385
2012-06-21 15:00:00,246.705
2012-06-21 16:00:00,409.52
2012-06-21 17:00:00,739.255
2012-06-21 18:00:00,763.905
2012-06-21 19:00:00,540.88
2012-06-21 20:00:00,425.545
2012-06-21 21:00:00,327.1
2012-06-21 22:00:00,250.695
2012-06-21 23:00:00,154.72
2012-06-22 00:00:00,87.395
2012-06-22 01:00:00,40.635
2012-06-22 02:00:00,17.525
2012-06-22 03:00:00,7.97
2012-06-22 04:00:00,8.07
2012-06-22 05:00:00,35.57
2012-06-22 06:00:00,145.355
2012-06-22 07:00:00,425.315
2012-06-22 08:00:00,661.0925
2012-06-22 09:00:00,353.88
2012-06-22 10:00:00,242.635
2012-06-22 11:00:00,272.515
2012-06-22 12:00:00,338.895
2012-06-22 13:00:00,341.76
2012-06-22 14:00:00,334.675
2012-06-22 15:00:00,304.585
2012-06-22 16:00:00,459.32
2012-06-22 17:00:00,774.95
2012-06-22 18:00:00,693.915
2012-06-22 19:00:00,522.035
2012-06-22 20:00:00,374.17
2012-06-22 21:00:00,226.22
2012-06-22 22:00:00,285.34
2012-06-22 23:00:00,187.37
2012-06-23 00:00:00,163.725
2012-06-23 01:00:00,107.465
2012-06-23 02:00:00,82.315
2012-06-23 03:00:00,30.04
2012-06-23 04:00:00,10.48
2012-06-23 05:00:00,9.98
2012-06-23 06:00:00,36.62
2012-06-23 07:00:00,64.35
2012-06-23 08:00:00,174.965
2012-06-23 09:00:00,265.675
2012-06-23 10:00:00,447.18
2012-06-23 11:00:00,517.785
2012-06-23 12:00:00,522.56
2012-06-23 13:00:00,525.41
2012-06-23 14:00:00,564.635
2012-06-23 15:00:00,526.295
2012-06-23 16:00:00,519.95
2012-06-23 17:00:00,501.295
2012-06-23 18:00:00,471.655
2012-06-23 19:00:00,401.71
2012-06-23 20:00:00,350.885
2012-06-23 21:00:00,268.385
2012-06-23 22:00:00,238.21
2012-06-23 23:00:00,184.365
2012-06-24 00:00:00,179.715
2012-06-24 01:00:00,126.095
2012-06-24 02:00:00,93.885
2012-06-24 03:00:00,34.865
2012-06-24 04:00:00,12.825
2012-06-24 05:00:00,12.415
2012-06-24 06:00:00,22.63
2012-06-24 07:00:00,52.045
2012-06-24 08:00:00,149.095
2012-06-24 09:00:00,248.79
2012-06-24 10:00:00,414.105
2012-06-24 11:00:00,510.36
2012-06-24 12:00:00,521.4
2012-06-24 13:00:00,538.485
2012-06-24 14:00:00,498.715
2012-06-24 15:00:00,484.7
2012-06-24 16:00:00,483.675
2012-06-24 17:00:00,478.045
2012-06-24 18:00:00,473.725
2012-06-24 19:00:00,420.465
2012-06-24 20:00:00,323.59
2012-06-24 21:00:00,227.61
2012-06-24 22:00:00,196.98
2012-06-24 23:00:00,129.16
2012-06-25 00:00:00,43.085
2012-06-25 01:00:00,21.04
2012-06-25 02:00:00,11.34
2012-06-25 03:00:00,7.51
2012-06-25 04:00:00,7.845
2012-06-25 05:00:00,40.12
2012-06-25 06:00:00,147.82
2012-06-25 07:00:00,489.94
2012-06-25 08:00:00,649.84
2012-06-25 09:00:00,334.87
2012-06-25 10:00:00,178.875
2012-06-25 11:00:00,225.035
2012-06-25 12:00:00,263.535
2012-06-25 13:00:00,266.915
2012-06-25 14:00:00,247.165
2012-06-25 15:00:00,269.97
2012-06-25 16:00:00,406.325
2012-06-25 17:00:00,790.025
2012-06-25 18:00:00,782.15
2012-06-25 19:00:00,634.25
2012-06-25 20:00:00,428.305
2012-06-25 21:00:00,280.78
2012-06-25 22:00:00,192.59
2012-06-25 23:00:00,113.005
2012-06-26 00:00:00,41.29
2012-06-26 01:00:00,17.645
2012-06-26 02:00:00,10.48
2012-06-26 03:00:00,8.03
2012-06-26 04:00:00,10.43
2012-06-26 05:00:00,41.045
2012-06-26 06:00:00,157.74
2012-06-26 07:00:00,461.295
2012-06-26 08:00:00,645.665
2012-06-26 09:00:00,338.255
2012-06-26 10:00:00,197.495
2012-06-26 11:00:00,238.535
2012-06-26 12:00:00,279.7
2012-06-26 13:00:00,276.71
2012-06-26 14:00:00,275.98
2012-06-26 15:00:00,285.205
2012-06-26 16:00:00,441.745
2012-06-26 17:00:00,809.88
2012-06-26 18:00:00,792.195
2012-06-26 19:00:00,583.16
2012-06-26 20:00:00,426.095
2012-06-26 21:00:00,293.535
2012-06-26 22:00:00,197.905
2012-06-26 23:00:00,142.58
2012-06-27 00:00:00,46.15
2012-06-27 01:00:00,18.415
2012-06-27 02:00:00,10.24
2012-06-27 03:00:00,7.78
2012-06-27 04:00:00,9.015
2012-06-27 05:00:00,40.885
2012-06-27 06:00:00,160.055
2012-06-27 07:00:00,431.11
2012-06-27 08:00:00,651.595
2012-06-27 09:00:00,337.77
2012-06-27 10:00:00,196.32
2012-06-27 11:00:00,236.61
2012-06-27 12:00:00,293.355
2012-06-27 13:00:00,279.47
2012-06-27 14:00:00,282.325
2012-06-27 15:00:00,289.97
2012-06-27 16:00:00,448.185
2012-06-27 17:00:00,793.64
2012-06-27 18:00:00,788.635
2012-06-27 19:00:00,619.98
2012-06-27 20:00:00,468.515
2012-06-27 21:00:00,336.2
2012-06-27 22:00:00,274.025
2012-06-27 23:00:00,155.045
2012-06-28 00:00:00,69.755
2012-06-28 01:00:00,22.325
2012-06-28 02:00:00,10.595
2012-06-28 03:00:00,8.235
2012-06-28 04:00:00,7.63
2012-06-28 05:00:00,37.995
2012-06-28 06:00:00,151.38
2012-06-28 07:00:00,491.18
2012-06-28 08:00:00,634.11
2012-06-28 09:00:00,345.67
2012-06-28 10:00:00,202.51
2012-06-28 11:00:00,236.035
2012-06-28 12:00:00,293.82
2012-06-28 13:00:00,283.62
2012-06-28 14:00:00,265.87
2012-06-28 15:00:00,287.255
2012-06-28 16:00:00,467.905
2012-06-28 17:00:00,722.6
2012-06-28 18:00:00,732.405
2012-06-28 19:00:00,568.065
2012-06-28 20:00:00,479.475
2012-06-28 21:00:00,334.765
2012-06-28 22:00:00,285.525
2012-06-28 23:00:00,194.445
2012-06-29 00:00:00,85.66
2012-06-29 01:00:00,38.095
2012-06-29 02:00:00,16.49
2012-06-29 03:00:00,7.335
2012-06-29 04:00:00,7.48
2012-06-29 05:00:00,34.54
2012-06-29 06:00:00,144.065
2012-06-29 07:00:00,428.07
2012-06-29 08:00:00,679.5025
2012-06-29 09:00:00,359.335
2012-06-29 10:00:00,234.83
2012-06-29 11:00:00,261.305
2012-06-29 12:00:00,302.97
2012-06-29 13:00:00,299.885
2012-06-29 14:00:00,293.715
2012-06-29 15:00:00,302.385
2012-06-29 16:00:00,446.14
2012-06-29 17:00:00,668.265
2012-06-29 18:00:00,631.335
2012-06-29 19:00:00,463.11
2012-06-29 20:00:00,349.79
2012-06-29 21:00:00,293.595
2012-06-29 22:00:00,252.39
2012-06-29 23:00:00,177.98
2012-06-30 00:00:00,108.345
2012-06-30 01:00:00,118.66
2012-06-30 02:00:00,72.615
2012-06-30 03:00:00,31.795
2012-06-30 04:00:00,14.435
2012-06-30 05:00:00,10.975
2012-06-30 06:00:00,35.285
2012-06-30 07:00:00,68.965
2012-06-30 08:00:00,176.285
2012-06-30 09:00:00,284.525
2012-06-30 10:00:00,417.02
2012-06-30 11:00:00,474.03
2012-06-30 12:00:00,493.205
2012-06-30 13:00:00,497.935
2012-06-30 14:00:00,502.815
2012-06-30 15:00:00,494.22
2012-06-30 16:00:00,464.92
2012-06-30 17:00:00,472.995
2012-06-30 18:00:00,451.135
2012-06-30 19:00:00,413.975
2012-06-30 20:00:00,318.65
2012-06-30 21:00:00,251.175
2012-06-30 22:00:00,228.695
2012-06-30 23:00:00,217.385
2012-07-20 00:00:00,77.31
2012-07-20 01:00:00,37.485
2012-07-20 02:00:00,12.0
2012-07-20 03:00:00,7.08
2012-07-20 04:00:00,7.82
2012-07-20 05:00:00,39.765
2012-07-20 06:00:00,154.655
2012-07-20 07:00:00,431.875
2012-07-20 08:00:00,649.86
2012-07-20 09:00:00,338.52
2012-07-20 10:00:00,223.185
2012-07-20 11:00:00,230.385
2012-07-20 12:00:00,259.4
2012-07-20 13:00:00,262.21
2012-07-20 14:00:00,252.83
2012-07-20 15:00:00,292.73
2012-07-20 16:00:00,328.13
2012-07-20 17:00:00,467.38
2012-07-20 18:00:00,494.38
2012-07-20 19:00:00,369.38
2012-07-20 20:00:00,121.205
2012-07-20 21:00:00,177.52
2012-07-20 22:00:00,193.64
2012-07-20 23:00:00,154.88
2012-07-21 00:00:00,106.785
2012-07-21 01:00:00,116.82
2012-07-21 02:00:00,65.6
2012-07-21 03:00:00,27.985
2012-07-21 04:00:00,11.095
2012-07-21 05:00:00,11.42
2012-07-21 06:00:00,30.125
2012-07-21 07:00:00,66.715
2012-07-21 08:00:00,186.34
2012-07-21 09:00:00,266.69
2012-07-21 10:00:00,320.055
2012-07-21 11:00:00,399.575
2012-07-21 12:00:00,314.925
2012-07-21 13:00:00,235.32
2012-07-21 14:00:00,437.5
2012-07-21 15:00:00,378.61
2012-07-21 16:00:00,193.495
2012-07-21 17:00:00,194.805
2012-07-21 18:00:00,339.465
2012-07-21 19:00:00,273.61
2012-07-21 20:00:00,204.735
2012-07-21 21:00:00,186.33
2012-07-21 22:00:00,161.37
2012-07-21 23:00:00,140.39
2012-07-22 00:00:00,114.455
2012-07-22 01:00:00,113.7
2012-07-22 02:00:00,89.465
2012-07-22 03:00:00,35.405
2012-07-22 04:00:00,14.14
2012-07-22 05:00:00,14.88
2012-07-22 06:00:00,18.075
2012-07-22 07:00:00,52.075
2012-07-22 08:00:00,148.905
2012-07-22 09:00:00,274.945
2012-07-22 10:00:00,379.035
2012-07-22 11:00:00,373.01
2012-07-22 12:00:00,446.535
2012-07-22 13:00:00,463.355
2012-07-22 14:00:00,439.54
2012-07-22 15:00:00,436.06
2012-07-22 16:00:00,448.3
2012-07-22 17:00:00,442.1
2012-07-22 18:00:00,384.81
2012-07-22 19:00:00,341.02
2012-07-22 20:00:00,242.6
2012-07-22 21:00:00,201.365
2012-07-22 22:00:00,159.12
2012-07-22 23:00:00,102.415
2012-07-23 00:00:00,47.13
2012-07-23 01:00:00,17.855
2012-07-23 02:00:00,7.805
2012-07-23 03:00:00,6.825
2012-07-23 04:00:00,8.645
2012-07-23 05:00:00,38.215
2012-07-23 06:00:00,149.97
2012-07-23 07:00:00,426.41
2012-07-23 08:00:00,631.17
2012-07-23 09:00:00,326.675
2012-07-23 10:00:00,181.045
2012-07-23 11:00:00,223.73
2012-07-23 12:00:00,264.535
2012-07-23 13:00:00,265.55
2012-07-23 14:00:00,244.75
2012-07-23 15:00:00,266.355
2012-07-23 16:00:00,381.155
2012-07-23 17:00:00,821.935
2012-07-23 18:00:00,795.82
2012-07-23 19:00:00,590.335
2012-07-23 20:00:00,437.115
2012-07-23 21:00:00,300.405
2012-07-23 22:00:00,199.45
2012-07-23 23:00:00,134.18
2012-07-24 00:00:00,52.745
2012-07-24 01:00:00,20.835
2012-07-24 02:00:00,9.58
2012-07-24 03:00:00,6.055
2012-07-24 04:00:00,7.18
2012-07-24 05:00:00,41.4
2012-07-24 06:00:00,174.115
2012-07-24 07:00:00,502.47
2012-07-24 08:00:00,654.3983333333333
2012-07-24 09:00:00,306.09
2012-07-24 10:00:00,181.215
2012-07-24 11:00:00,205.01
2012-07-24 12:00:00,253.925
2012-07-24 13:00:00,244.745
2012-07-24 14:00:00,232.305
2012-07-24 15:00:00,270.135
2012-07-24 16:00:00,370.87
2012-07-24 17:00:00,822.44
2012-07-24 18:00:00,720.99
2012-07-24 19:00:00,582.865
2012-07-24 20:00:00,437.48
2012-07-24 21:00:00,309.13
2012-07-24 22:00:00,212.73
2012-07-24 23:00:00,122.285
2012-07-25 00:00:00,49.315
2012-07-25 01:00:00,22.095
2012-07-25 02:00:00,9.62
2012-07-25 03:00:00,6.27
2012-07-25 04:00:00,6.41
2012-07-25 05:00:00,39.64
2012-07-25 06:00:00,167.155
2012-07-25 07:00:00,423.0
2012-07-25 08:00:00,638.435
2012-07-25 09:00:00,349.05
2012-07-25 10:00:00,199.015
2012-07-25 11:00:00,235.19
2012-07-25 12:00:00,305.71
2012-07-25 13:00:00,280.795
2012-07-25 14:00:00,250.915
2012-07-25 15:00:00,276.865
2012-07-25 16:00:00,416.915
2012-07-25 17:00:00,802.445
2012-07-25 18:00:00,800.655
2012-07-25 19:00:00,615.045
2012-07-25 20:00:00,464.06
2012-07-25 21:00:00,336.185
2012-07-25 22:00:00,262.51
2012-07-25 23:00:00,137.15
2012-07-26 00:00:00,66.44
2012-07-26 01:00:00,24.42
2012-07-26 02:00:00,9.975
2012-07-26 03:00:00,7.675
2012-07-26 04:00:00,6.03
2012-07-26 05:00:00,38.945
2012-07-26 06:00:00,172.35
2012-07-26 07:00:00,494.465
2012-07-26 08:00:00,679.8116666666666
2012-07-26 09:00:00,332.285
2012-07-26 10:00:00,206.46
2012-07-26 11:00:00,217.475
2012-07-26 12:00:00,273.445
2012-07-26 13:00:00,273.3
2012-07-26 14:00:00,208.62
2012-07-26 15:00:00,218.265
2012-07-26 16:00:00,414.37
2012-07-26 17:00:00,700.985
2012-07-26 18:00:00,688.885
2012-07-26 19:00:00,555.36
2012-07-26 20:00:00,430.845
2012-07-26 21:00:00,337.01
2012-07-26 22:00:00,245.42
2012-07-26 23:00:00,167.75
2012-07-27 00:00:00,85.205
2012-07-27 01:00:00,42.825
2012-07-27 02:00:00,18.31
2012-07-27 03:00:00,7.08
2012-07-27 04:00:00,8.625
2012-07-27 05:00:00,37.4
2012-07-27 06:00:00,154.16
2012-07-27 07:00:00,433.775
2012-07-27 08:00:00,678.9825
2012-07-27 09:00:00,319.245
2012-07-27 10:00:00,239.43
2012-07-27 11:00:00,261.84
2012-07-27 12:00:00,333.105
2012-07-27 13:00:00,337.325
2012-07-27 14:00:00,328.23
2012-07-27 15:00:00,343.7
2012-07-27 16:00:00,448.455
2012-07-27 17:00:00,708.28
2012-07-27 18:00:00,691.04
2012-07-27 19:00:00,481.53
2012-07-27 20:00:00,377.85
2012-07-27 21:00:00,304.785
2012-07-27 22:00:00,267.86
2012-07-27 23:00:00,178.135
2012-07-28 00:00:00,162.215
2012-07-28 01:00:00,99.16
2012-07-28 02:00:00,75.93
2012-07-28 03:00:00,33.195
2012-07-28 04:00:00,8.89
2012-07-28 05:00:00,11.695
2012-07-28 06:00:00,36.48
2012-07-28 07:00:00,65.585
2012-07-28 08:00:00,156.15
2012-07-28 09:00:00,257.69
2012-07-28 10:00:00,420.11
2012-07-28 11:00:00,489.57
2012-07-28 12:00:00,508.06
2012-07-28 13:00:00,517.275
2012-07-28 14:00:00,508.505
2012-07-28 15:00:00,500.07
2012-07-28 16:00:00,487.715
2012-07-28 17:00:00,465.62
2012-07-28 18:00:00,475.21
2012-07-28 19:00:00,367.58
2012-07-28 20:00:00,255.2
2012-07-28 21:00:00,226.37
2012-07-28 22:00:00,202.675
2012-07-28 23:00:00,186.855
2012-07-29 00:00:00,159.78
2012-07-29 01:00:00,118.125
2012-07-29 02:00:00,84.255
2012-07-29 03:00:00,43.175
2012-07-29 04:00:00,10.84
2012-07-29 05:00:00,10.325
2012-07-29 06:00:00,21.905
2012-07-29 07:00:00,56.495
2012-07-29 08:00:00,142.28
2012-07-29 09:00:00,254.585
2012-07-29 10:00:00,408.495
2012-07-29 11:00:00,497.325
2012-07-29 12:00:00,523.145
2012-07-29 13:00:00,521.33
2012-07-29 14:00:00,526.6
2012-07-29 15:00:00,526.425
2012-07-29 16:00:00,513.905
2012-07-29 17:00:00,488.86
2012-07-29 18:00:00,491.26
2012-07-29 19:00:00,406.88
2012-07-29 20:00:00,263.24
2012-07-29 21:00:00,203.675
2012-07-29 22:00:00,153.105
2012-07-29 23:00:00,108.77
2012-07-30 00:00:00,53.125
2012-07-30 01:00:00,18.145
2012-07-30 02:00:00,12.685
2012-07-30 03:00:00,6.485
2012-07-30 04:00:00,9.435
2012-07-30 05:00:00,41.145
2012-07-30 06:00:00,147.235
2012-07-30 07:00:00,467.685
2012-07-30 08:00:00,652.9775
2012-07-30 09:00:00,329.225
2012-07-30 10:00:00,187.35
2012-07-30 11:00:00,223.53
2012-07-30 12:00:00,270.31
2012-07-30 13:00:00,266.015
2012-07-30 14:00:00,243.88
2012-07-30 15:00:00,266.495
2012-07-30 16:00:00,396.76
2012-07-30 17:00:00,785.68
2012-07-30 18:00:00,757.53
2012-07-30 19:00:00,581.46
2012-07-30 20:00:00,418.58
2012-07-30 21:00:00,298.4
2012-07-30 22:00:00,191.165
2012-07-30 23:00:00,128.2
2012-07-31 00:00:00,46.6
2012-07-31 01:00:00,21.03
2012-07-31 02:00:00,9.79
2012-07-31 03:00:00,6.775
2012-07-31 04:00:00,7.18
2012-07-31 05:00:00,40.25
2012-07-31 06:00:00,169.375
2012-07-31 07:00:00,436.175
2012-07-31 08:00:00,645.94
2012-07-31 09:00:00,330.735
2012-07-31 10:00:00,199.34
2012-07-31 11:00:00,217.17
2012-07-31 12:00:00,286.725
2012-07-31 13:00:00,259.645
2012-07-31 14:00:00,246.42
2012-07-31 15:00:00,263.49
2012-07-31 16:00:00,355.375
2012-07-31 17:00:00,847.96
2012-07-31 18:00:00,784.645
2012-07-31 19:00:00,536.815
2012-07-31 20:00:00,358.645
2012-07-31 21:00:00,279.21
2012-07-31 22:00:00,195.94
2012-07-31 23:00:00,157.295
2012-08-20 00:00:00,35.65
2012-08-20 01:00:00,17.825
2012-08-20 02:00:00,8.805
2012-08-20 03:00:00,6.835
2012-08-20 04:00:00,9.835
2012-08-20 05:00:00,38.785
2012-08-20 06:00:00,152.68
2012-08-20 07:00:00,478.44
2012-08-20 08:00:00,684.7741666666667
2012-08-20 09:00:00,332.715
2012-08-20 10:00:00,212.385
2012-08-20 11:00:00,237.95
2012-08-20 12:00:00,290.835
2012-08-20 13:00:00,284.18
2012-08-20 14:00:00,264.445
2012-08-20 15:00:00,284.53
2012-08-20 16:00:00,451.905
2012-08-20 17:00:00,857.885
2012-08-20 18:00:00,666.025
2012-08-20 19:00:00,462.535
2012-08-20 20:00:00,247.96
2012-08-20 21:00:00,223.82
2012-08-20 22:00:00,155.49
2012-08-20 23:00:00,91.215
2012-08-21 00:00:00,35.125
2012-08-21 01:00:00,17.4
2012-08-21 02:00:00,5.885
2012-08-21 03:00:00,6.8
2012-08-21 04:00:00,7.535
2012-08-21 05:00:00,38.47
2012-08-21 06:00:00,174.6
2012-08-21 07:00:00,488.055
2012-08-21 08:00:00,706.4275
2012-08-21 09:00:00,346.51
2012-08-21 10:00:00,206.71
2012-08-21 11:00:00,232.505
2012-08-21 12:00:00,301.18
2012-08-21 13:00:00,301.44
2012-08-21 14:00:00,262.99
2012-08-21 15:00:00,295.83
2012-08-21 16:00:00,476.425
2012-08-21 17:00:00,844.595
2012-08-21 18:00:00,842.055
2012-08-21 19:00:00,456.86
2012-08-21 20:00:00,418.095
2012-08-21 21:00:00,294.485
2012-08-21 22:00:00,180.885
2012-08-21 23:00:00,102.94
2012-08-22 00:00:00,47.345
2012-08-22 01:00:00,23.295
2012-08-22 02:00:00,9.33
2012-08-22 03:00:00,6.79
2012-08-22 04:00:00,6.59
2012-08-22 05:00:00,40.845
2012-08-22 06:00:00,178.18
2012-08-22 07:00:00,474.86
2012-08-22 08:00:00,713.8107380952381
2012-08-22 09:00:00,350.15
2012-08-22 10:00:00,210.51
2012-08-22 11:00:00,238.86
2012-08-22 12:00:00,302.04
2012-08-22 13:00:00,290.0
2012-08-22 14:00:00,258.495
2012-08-22 15:00:00,283.87
2012-08-22 16:00:00,424.47
2012-08-22 17:00:00,853.735
2012-08-22 18:00:00,855.4
2012-08-22 19:00:00,530.085
2012-08-22 20:00:00,433.865
2012-08-22 21:00:00,324.9
2012-08-22 22:00:00,250.685
2012-08-22 23:00:00,124.03
2012-08-23 00:00:00,70.02
2012-08-23 01:00:00,24.345
2012-08-23 02:00:00,10.61
2012-08-23 03:00:00,7.04
2012-08-23 04:00:00,7.315
2012-08-23 05:00:00,41.13
2012-08-23 06:00:00,166.445
2012-08-23 07:00:00,427.325
2012-08-23 08:00:00,699.3849047619047
2012-08-23 09:00:00,354.505
2012-08-23 10:00:00,209.435
2012-08-23 11:00:00,240.24
2012-08-23 12:00:00,305.47
2012-08-23 13:00:00,284.785
2012-08-23 14:00:00,254.785
2012-08-23 15:00:00,282.395
2012-08-23 16:00:00,432.27
2012-08-23 17:00:00,838.365
2012-08-23 18:00:00,833.07
2012-08-23 19:00:00,620.03
2012-08-23 20:00:00,442.34
2012-08-23 21:00:00,327.96
2012-08-23 22:00:00,245.56
2012-08-23 23:00:00,171.925
2012-08-24 00:00:00,85.455
2012-08-24 01:00:00,43.195
2012-08-24 02:00:00,18.805
2012-08-24 03:00:00,9.54
2012-08-24 04:00:00,8.15
2012-08-24 05:00:00,40.305
2012-08-24 06:00:00,151.31
2012-08-24 07:00:00,429.73
2012-08-24 08:00:00,691.068238095238
2012-08-24 09:00:00,382.245
2012-08-24 10:00:00,257.3
2012-08-24 11:00:00,273.935
2012-08-24 12:00:00,369.87
2012-08-24 13:00:00,371.515
2012-08-24 14:00:00,363.935
2012-08-24 15:00:00,360.735
2012-08-24 16:00:00,480.075
2012-08-24 17:00:00,787.97
2012-08-24 18:00:00,709.3
2012-08-24 19:00:00,509.22
2012-08-24 20:00:00,390.705
2012-08-24 21:00:00,298.46
2012-08-24 22:00:00,267.32
2012-08-24 23:00:00,184.805
2012-08-25 00:00:00,154.28
2012-08-25 01:00:00,118.67
2012-08-25 02:00:00,92.44
2012-08-25 03:00:00,33.355
2012-08-25 04:00:00,11.615
2012-08-25 05:00:00,12.49
2012-08-25 06:00:00,31.54
2012-08-25 07:00:00,56.03
2012-08-25 08:00:00,168.15
2012-08-25 09:00:00,279.57
2012-08-25 10:00:00,424.175
2012-08-25 11:00:00,506.295
2012-08-25 12:00:00,578.795
2012-08-25 13:00:00,573.31
2012-08-25 14:00:00,450.5
2012-08-25 15:00:00,381.89
2012-08-25 16:00:00,426.03
2012-08-25 17:00:00,427.61
2012-08-25 18:00:00,409.965
2012-08-25 19:00:00,372.07
2012-08-25 20:00:00,227.56
2012-08-25 21:00:00,215.215
2012-08-25 22:00:00,205.325
2012-08-25 23:00:00,157.81
2012-08-26 00:00:00,151.63
2012-08-26 01:00:00,117.65
2012-08-26 02:00:00,94.8
2012-08-26 03:00:00,38.465
2012-08-26 04:00:00,12.5
2012-08-26 05:00:00,10.11
2012-08-26 06:00:00,15.38
2012-08-26 07:00:00,57.08
2012-08-26 08:00:00,145.28
2012-08-26 09:00:00,272.895
2012-08-26 10:00:00,405.565
2012-08-26 11:00:00,465.945
2012-08-26 12:00:00,432.925
2012-08-26 13:00:00,362.085
2012-08-26 14:00:00,396.16
2012-08-26 15:00:00,344.335
2012-08-26 16:00:00,311.87
2012-08-26 17:00:00,404.56
2012-08-26 18:00:00,316.18
2012-08-26 19:00:00,276.445
2012-08-26 20:00:00,212.87
2012-08-26 21:00:00,171.26
2012-08-26 22:00:00,132.825
2012-08-26 23:00:00,106.31
2012-08-27 00:00:00,46.835
2012-08-27 01:00:00,16.885
2012-08-27 02:00:00,8.22
2012-08-27 03:00:00,6.685
2012-08-27 04:00:00,9.23
2012-08-27 05:00:00,37.91
2012-08-27 06:00:00,154.2
2012-08-27 07:00:00,337.7
2012-08-27 08:00:00,609.71875
2012-08-27 09:00:00,328.825
2012-08-27 10:00:00,205.9
2012-08-27 11:00:00,237.38
2012-08-27 12:00:00,290.745
2012-08-27 13:00:00,272.78
2012-08-27 14:00:00,264.705
2012-08-27 15:00:00,273.505
2012-08-27 16:00:00,449.06
2012-08-27 17:00:00,840.86
2012-08-27 18:00:00,830.14
2012-08-27 19:00:00,584.84
2012-08-27 20:00:00,428.66
2012-08-27 21:00:00,296.77
2012-08-27 22:00:00,197.695
2012-08-27 23:00:00,130.805
2012-08-28 00:00:00,45.08
2012-08-28 01:00:00,19.205
2012-08-28 02:00:00,10.065
2012-08-28 03:00:00,6.75
2012-08-28 04:00:00,7.705
2012-08-28 05:00:00,40.74
2012-08-28 06:00:00,171.82
2012-08-28 07:00:00,410.035
2012-08-28 08:00:00,620.79875
2012-08-28 09:00:00,336.595
2012-08-28 10:00:00,205.365
2012-08-28 11:00:00,230.22
2012-08-28 12:00:00,279.27
2012-08-28 13:00:00,272.97
2012-08-28 14:00:00,253.885
2012-08-28 15:00:00,269.985
2012-08-28 16:00:00,436.025
2012-08-28 17:00:00,824.835
2012-08-28 18:00:00,838.37
2012-08-28 19:00:00,598.55
2012-08-28 20:00:00,428.995
2012-08-28 21:00:00,307.81
2012-08-28 22:00:00,211.18
2012-08-28 23:00:00,146.28
2012-08-29 00:00:00,52.155
2012-08-29 01:00:00,21.115
2012-08-29 02:00:00,8.36
2012-08-29 03:00:00,7.51
2012-08-29 04:00:00,5.62
2012-08-29 05:00:00,40.085
2012-08-29 06:00:00,173.535
2012-08-29 07:00:00,443.74
2012-08-29 08:00:00,688.9683333333332
2012-08-29 09:00:00,352.79
2012-08-29 10:00:00,205.915
2012-08-29 11:00:00,236.75
2012-08-29 12:00:00,298.73
2012-08-29 13:00:00,306.365
2012-08-29 14:00:00,257.44
2012-08-29 15:00:00,275.685
2012-08-29 16:00:00,466.53
2012-08-29 17:00:00,873.01
2012-08-29 18:00:00,850.44
2012-08-29 19:00:00,629.14
2012-08-29 20:00:00,445.17
2012-08-29 21:00:00,334.995
2012-08-29 22:00:00,247.175
2012-08-29 23:00:00,153.93
2012-08-30 00:00:00,67.935
2012-08-30 01:00:00,22.645
2012-08-30 02:00:00,9.52
2012-08-30 03:00:00,7.365
2012-08-30 04:00:00,7.075
2012-08-30 05:00:00,42.125
2012-08-30 06:00:00,169.38
2012-08-30 07:00:00,464.56
2012-08-30 08:00:00,690.3239880952382
2012-08-30 09:00:00,348.29
2012-08-30 10:00:00,198.49
2012-08-30 11:00:00,251.47
2012-08-30 12:00:00,297.72
2012-08-30 13:00:00,289.755
2012-08-30 14:00:00,255.635
2012-08-30 15:00:00,282.06
2012-08-30 16:00:00,438.54
2012-08-30 17:00:00,874.025
2012-08-30 18:00:00,834.005
2012-08-30 19:00:00,634.14
2012-08-30 20:00:00,485.445
2012-08-30 21:00:00,330.235
2012-08-30 22:00:00,255.15
2012-08-30 23:00:00,164.73
2012-08-31 00:00:00,83.845
2012-08-31 01:00:00,40.48
2012-08-31 02:00:00,12.275
2012-08-31 03:00:00,7.895
2012-08-31 04:00:00,8.325
2012-08-31 05:00:00,38.685
2012-08-31 06:00:00,155.255
2012-08-31 07:00:00,404.18
2012-08-31 08:00:00,689.5765714285714
2012-08-31 09:00:00,361.505
2012-08-31 10:00:00,239.895
2012-08-31 11:00:00,250.585
2012-08-31 12:00:00,335.09
2012-08-31 13:00:00,332.895
2012-08-31 14:00:00,298.45
2012-08-31 15:00:00,306.805
2012-08-31 16:00:00,465.27
2012-08-31 17:00:00,779.25
2012-08-31 18:00:00,751.075
2012-08-31 19:00:00,506.7
2012-08-31 20:00:00,387.805
2012-08-31 21:00:00,306.175
2012-08-31 22:00:00,268.03
2012-08-31 23:00:00,185.64
2012-09-20 00:00:00,56.785
2012-09-20 01:00:00,27.685
2012-09-20 02:00:00,11.305
2012-09-20 03:00:00,8.34
2012-09-20 04:00:00,7.125
2012-09-20 05:00:00,43.015
2012-09-20 06:00:00,185.67
2012-09-20 07:00:00,511.89
2012-09-20 08:00:00,783.545
2012-09-20 09:00:00,342.38
2012-09-20 10:00:00,199.52
2012-09-20 11:00:00,245.825
2012-09-20 12:00:00,311.59
2012-09-20 13:00:00,304.255
2012-09-20 14:00:00,288.675
2012-09-20 15:00:00,325.65
2012-09-20 16:00:00,463.81
2012-09-20 17:00:00,883.345
2012-09-20 18:00:00,866.705
2012-09-20 19:00:00,576.29
2012-09-20 20:00:00,410.48
2012-09-20 21:00:00,291.26
2012-09-20 22:00:00,235.58
2012-09-20 23:00:00,159.865
2012-09-21 00:00:00,78.105
2012-09-21 01:00:00,40.785
2012-09-21 02:00:00,21.955
2012-09-21 03:00:00,10.305
2012-09-21 04:00:00,11.13
2012-09-21 05:00:00,44.89
2012-09-21 06:00:00,158.345
2012-09-21 07:00:00,468.075
2012-09-21 08:00:00,757.4275
2012-09-21 09:00:00,349.31300000000005
2012-09-21 10:00:00,239.905
2012-09-21 11:00:00,280.76
2012-09-21 12:00:00,369.065
2012-09-21 13:00:00,403.075
2012-09-21 14:00:00,385.855
2012-09-21 15:00:00,392.985
2012-09-21 16:00:00,526.145
2012-09-21 17:00:00,811.675
2012-09-21 18:00:00,785.73
2012-09-21 19:00:00,561.585
2012-09-21 20:00:00,390.9
2012-09-21 21:00:00,265.525
2012-09-21 22:00:00,245.265
2012-09-21 23:00:00,188.26
2012-09-22 00:00:00,157.08
2012-09-22 01:00:00,119.47
2012-09-22 02:00:00,75.87
2012-09-22 03:00:00,35.585
2012-09-22 04:00:00,12.76
2012-09-22 05:00:00,15.415
2012-09-22 06:00:00,33.11
2012-09-22 07:00:00,71.42
2012-09-22 08:00:00,180.945
2012-09-22 09:00:00,304.735
2012-09-22 10:00:00,440.92
2012-09-22 11:00:00,513.265
2012-09-22 12:00:00,607.155
2012-09-22 13:00:00,602.975
2012-09-22 14:00:00,574.27
2012-09-22 15:00:00,597.21
2012-09-22 16:00:00,600.98
2012-09-22 17:00:00,593.455
2012-09-22 18:00:00,534.835
2012-09-22 19:00:00,400.325
2012-09-22 20:00:00,314.375
2012-09-22 21:00:00,249.395
2012-09-22 22:00:00,243.45
2012-09-22 23:00:00,181.755
2012-09-23 00:00:00,180.655
2012-09-23 01:00:00,118.9025
2012-09-23 02:00:00,84.195
2012-09-23 03:00:00,37.19
2012-09-23 04:00:00,11.68
2012-09-23 05:00:00,12.655
2012-09-23 06:00:00,22.295
2012-09-23 07:00:00,52.175
2012-09-23 08:00:00,121.86
2012-09-23 09:00:00,273.455
2012-09-23 10:00:00,422.895
2012-09-23 11:00:00,521.075
2012-09-23 12:00:00,620.015
2012-09-23 13:00:00,662.955
2012-09-23 14:00:00,642.36
2012-09-23 15:00:00,654.91
2012-09-23 16:00:00,650.46
2012-09-23 17:00:00,561.58
2012-09-23 18:00:00,447.56
2012-09-23 19:00:00,314.805
2012-09-23 20:00:00,238.47
2012-09-23 21:00:00,167.42
2012-09-23 22:00:00,145.48
2012-09-23 23:00:00,88.175
2012-09-24 00:00:00,48.335
2012-09-24 01:00:00,21.695
2012-09-24 02:00:00,11.34
2012-09-24 03:00:00,6.215
2012-09-24 04:00:00,9.305
2012-09-24 05:00:00,43.05
2012-09-24 06:00:00,162.24
2012-09-24 07:00:00,487.285
2012-09-24 08:00:00,759.19
2012-09-24 09:00:00,336.53
2012-09-24 10:00:00,199.315
2012-09-24 11:00:00,269.46
2012-09-24 12:00:00,325.34
2012-09-24 13:00:00,317.57
2012-09-24 14:00:00,289.085
2012-09-24 15:00:00,302.375
2012-09-24 16:00:00,460.385
2012-09-24 17:00:00,883.58
2012-09-24 18:00:00,836.17
2012-09-24 19:00:00,525.175
2012-09-24 20:00:00,354.245
2012-09-24 21:00:00,264.88
2012-09-24 22:00:00,143.685
2012-09-24 23:00:00,96.67
2012-09-25 00:00:00,48.325
2012-09-25 01:00:00,21.54
2012-09-25 02:00:00,7.2
2012-09-25 03:00:00,4.985
2012-09-25 04:00:00,7.44
2012-09-25 05:00:00,42.145
2012-09-25 06:00:00,177.995
2012-09-25 07:00:00,519.14
2012-09-25 08:00:00,773.35
2012-09-25 09:00:00,353.92
2012-09-25 10:00:00,202.23
2012-09-25 11:00:00,237.535
2012-09-25 12:00:00,321.67
2012-09-25 13:00:00,317.27
2012-09-25 14:00:00,304.26
2012-09-25 15:00:00,330.655
2012-09-25 16:00:00,487.395
2012-09-25 17:00:00,903.265
2012-09-25 18:00:00,901.64
2012-09-25 19:00:00,597.0
2012-09-25 20:00:00,420.03
2012-09-25 21:00:00,271.025
2012-09-25 22:00:00,194.265
2012-09-25 23:00:00,134.65
2012-09-26 00:00:00,41.66
2012-09-26 01:00:00,19.335
2012-09-26 02:00:00,8.005
2012-09-26 03:00:00,6.23
2012-09-26 04:00:00,6.3
2012-09-26 05:00:00,41.715
2012-09-26 06:00:00,180.375
2012-09-26 07:00:00,530.205
2012-09-26 08:00:00,771.525
2012-09-26 09:00:00,352.6475
2012-09-26 10:00:00,193.075
2012-09-26 11:00:00,229.49
2012-09-26 12:00:00,325.545
2012-09-26 13:00:00,304.76
2012-09-26 14:00:00,282.885
2012-09-26 15:00:00,309.62
2012-09-26 16:00:00,469.875
2012-09-26 17:00:00,864.225
2012-09-26 18:00:00,855.78
2012-09-26 19:00:00,606.255
2012-09-26 20:00:00,448.065
2012-09-26 21:00:00,317.625
2012-09-26 22:00:00,230.855
2012-09-26 23:00:00,100.2
2012-09-27 00:00:00,66.74
2012-09-27 01:00:00,26.38
2012-09-27 02:00:00,15.86
2012-09-27 03:00:00,9.275
2012-09-27 04:00:00,7.83
2012-09-27 05:00:00,42.215
2012-09-27 06:00:00,171.825
2012-09-27 07:00:00,489.595
2012-09-27 08:00:00,752.685
2012-09-27 09:00:00,350.785
2012-09-27 10:00:00,204.71
2012-09-27 11:00:00,240.475
2012-09-27 12:00:00,295.105
2012-09-27 13:00:00,287.01
2012-09-27 14:00:00,263.43
2012-09-27 15:00:00,293.355
2012-09-27 16:00:00,454.57
2012-09-27 17:00:00,829.265
2012-09-27 18:00:00,826.685
2012-09-27 19:00:00,611.31
2012-09-27 20:00:00,419.685
2012-09-27 21:00:00,220.515
2012-09-27 22:00:00,156.08
2012-09-27 23:00:00,105.865
2012-09-28 00:00:00,71.415
2012-09-28 01:00:00,26.925
2012-09-28 02:00:00,10.27
2012-09-28 03:00:00,6.695
2012-09-28 04:00:00,6.135
2012-09-28 05:00:00,39.29
2012-09-28 06:00:00,148.685
2012-09-28 07:00:00,415.61
2012-09-28 08:00:00,749.685
2012-09-28 09:00:00,347.7125
2012-09-28 10:00:00,206.765
2012-09-28 11:00:00,269.945
2012-09-28 12:00:00,416.33
2012-09-28 13:00:00,414.0
2012-09-28 14:00:00,402.95
2012-09-28 15:00:00,399.475
2012-09-28 16:00:00,532.41
2012-09-28 17:00:00,805.85
2012-09-28 18:00:00,810.315
2012-09-28 19:00:00,499.445
2012-09-28 20:00:00,371.34
2012-09-28 21:00:00,241.42
2012-09-28 22:00:00,211.38
2012-09-28 23:00:00,155.115
2012-09-29 00:00:00,157.25
2012-09-29 01:00:00,115.0175
2012-09-29 02:00:00,74.58
2012-09-29 03:00:00,40.57
2012-09-29 04:00:00,20.23
2012-09-29 05:00:00,18.995
2012-09-29 06:00:00,35.485
2012-09-29 07:00:00,78.23
2012-09-29 08:00:00,179.815
2012-09-29 09:00:00,305.46
2012-09-29 10:00:00,414.38
2012-09-29 11:00:00,508.995
2012-09-29 12:00:00,650.53
2012-09-29 13:00:00,659.78
2012-09-29 14:00:00,650.985
2012-09-29 15:00:00,635.755
2012-09-29 16:00:00,635.41
2012-09-29 17:00:00,628.335
2012-09-29 18:00:00,459.56
2012-09-29 19:00:00,333.175
2012-09-29 20:00:00,260.885
2012-09-29 21:00:00,245.785
2012-09-29 22:00:00,212.82
2012-09-29 23:00:00,193.075
2012-09-30 00:00:00,164.505
2012-09-30 01:00:00,110.5455357142857
2012-09-30 02:00:00,73.04
2012-09-30 03:00:00,34.735
2012-09-30 04:00:00,11.32
2012-09-30 05:00:00,10.88
2012-09-30 06:00:00,27.88
2012-09-30 07:00:00,60.6
2012-09-30 08:00:00,122.835
2012-09-30 09:00:00,284.775
2012-09-30 10:00:00,427.12
2012-09-30 11:00:00,555.12
2012-09-30 12:00:00,635.985
2012-09-30 13:00:00,647.54
2012-09-30 14:00:00,623.785
2012-09-30 15:00:00,659.74
2012-09-30 16:00:00,672.515
2012-09-30 17:00:00,628.555
2012-09-30 18:00:00,455.49
2012-09-30 19:00:00,238.84
2012-09-30 20:00:00,206.485
2012-09-30 21:00:00,168.97
2012-09-30 22:00:00,125.11
2012-09-30 23:00:00,91.165
2012-10-20 00:00:00,148.59
2012-10-20 01:00:00,106.27166666666668
2012-10-20 02:00:00,67.435
2012-10-20 03:00:00,27.175
2012-10-20 04:00:00,10.405
2012-10-20 05:00:00,10.62
2012-10-20 06:00:00,30.63
2012-10-20 07:00:00,72.965
2012-10-20 08:00:00,185.84
2012-10-20 09:00:00,310.83
2012-10-20 10:00:00,401.125
2012-10-20 11:00:00,515.925
2012-10-20 12:00:00,612.555
2012-10-20 13:00:00,627.505
2012-10-20 14:00:00,635.49
2012-10-20 15:00:00,605.84
2012-10-20 16:00:00,596.79
2012-10-20 17:00:00,577.145
2012-10-20 18:00:00,472.51
2012-10-20 19:00:00,311.1
2012-10-20 20:00:00,226.35
2012-10-20 21:00:00,214.585
2012-10-20 22:00:00,185.06
2012-10-20 23:00:00,177.12
2012-10-21 00:00:00,136.93
2012-10-21 01:00:00,111.145
2012-10-21 02:00:00,71.14
2012-10-21 03:00:00,34.83
2012-10-21 04:00:00,11.405
2012-10-21 05:00:00,10.8
2012-10-21 06:00:00,25.945
2012-10-21 07:00:00,50.365
2012-10-21 08:00:00,116.085
2012-10-21 09:00:00,262.765
2012-10-21 10:00:00,408.715
2012-10-21 11:00:00,523.125
2012-10-21 12:00:00,582.855
2012-10-21 13:00:00,621.38
2012-10-21 14:00:00,643.8
2012-10-21 15:00:00,598.89
2012-10-21 16:00:00,628.545
2012-10-21 17:00:00,546.12
2012-10-21 18:00:00,444.055
2012-10-21 19:00:00,287.69
2012-10-21 20:00:00,229.315
2012-10-21 21:00:00,153.655
2012-10-21 22:00:00,124.89
2012-10-21 23:00:00,89.145
2012-10-22 00:00:00,43.075
2012-10-22 01:00:00,16.02
2012-10-22 02:00:00,9.075
2012-10-22 03:00:00,6.955
2012-10-22 04:00:00,8.655
2012-10-22 05:00:00,36.0
2012-10-22 06:00:00,153.13
2012-10-22 07:00:00,413.835
2012-10-22 08:00:00,779.175
2012-10-22 09:00:00,335.1466666666667
2012-10-22 10:00:00,195.91
2012-10-22 11:00:00,269.34
2012-10-22 12:00:00,326.255
2012-10-22 13:00:00,320.335
2012-10-22 14:00:00,306.39
2012-10-22 15:00:00,326.64
2012-10-22 16:00:00,494.125
2012-10-22 17:00:00,902.855
2012-10-22 18:00:00,733.375
2012-10-22 19:00:00,521.33
2012-10-22 20:00:00,352.8
2012-10-22 21:00:00,228.67
2012-10-22 22:00:00,139.465
2012-10-22 23:00:00,98.605
2012-10-23 00:00:00,42.915
2012-10-23 01:00:00,20.49
2012-10-23 02:00:00,6.83
2012-10-23 03:00:00,5.985
2012-10-23 04:00:00,7.85
2012-10-23 05:00:00,41.095
2012-10-23 06:00:00,167.745
2012-10-23 07:00:00,506.735
2012-10-23 08:00:00,779.495
2012-10-23 09:00:00,362.29
2012-10-23 10:00:00,194.475
2012-10-23 11:00:00,231.03
2012-10-23 12:00:00,309.9
2012-10-23 13:00:00,297.85
2012-10-23 14:00:00,282.54
2012-10-23 15:00:00,321.525
2012-10-23 16:00:00,485.35
2012-10-23 17:00:00,911.195
2012-10-23 18:00:00,863.045
2012-10-23 19:00:00,572.25
2012-10-23 20:00:00,425.335
2012-10-23 21:00:00,260.905
2012-10-23 22:00:00,205.705
2012-10-23 23:00:00,107.925
2012-10-24 00:00:00,47.53
2012-10-24 01:00:00,19.82
2012-10-24 02:00:00,9.17
2012-10-24 03:00:00,6.825
2012-10-24 04:00:00,6.32
2012-10-24 05:00:00,43.545
2012-10-24 06:00:00,181.545
2012-10-24 07:00:00,473.355
2012-10-24 08:00:00,762.39
2012-10-24 09:00:00,368.955
2012-10-24 10:00:00,196.95
2012-10-24 11:00:00,260.965
2012-10-24 12:00:00,323.58
2012-10-24 13:00:00,304.525
2012-10-24 14:00:00,295.67
2012-10-24 15:00:00,315.73
2012-10-24 16:00:00,498.68
2012-10-24 17:00:00,910.195
2012-10-24 18:00:00,919.27
2012-10-24 19:00:00,552.955
2012-10-24 20:00:00,422.665
2012-10-24 21:00:00,280.275
2012-10-24 22:00:00,241.17
2012-10-24 23:00:00,111.92
2012-10-25 00:00:00,61.67
2012-10-25 01:00:00,23.165
2012-10-25 02:00:00,10.525
2012-10-25 03:00:00,7.075
2012-10-25 04:00:00,7.56
2012-10-25 05:00:00,41.82
2012-10-25 06:00:00,162.79
2012-10-25 07:00:00,468.62
2012-10-25 08:00:00,760.03
2012-10-25 09:00:00,366.7
2012-10-25 10:00:00,188.645
2012-10-25 11:00:00,187.21
2012-10-25 12:00:00,238.35
2012-10-25 13:00:00,235.06
2012-10-25 14:00:00,296.51
2012-10-25 15:00:00,333.555
2012-10-25 16:00:00,443.61
2012-10-25 17:00:00,819.305
2012-10-25 18:00:00,375.69
2012-10-25 19:00:00,332.64
2012-10-25 20:00:00,267.905
2012-10-25 21:00:00,233.375
2012-10-25 22:00:00,210.735
2012-10-25 23:00:00,127.94
2012-10-26 00:00:00,72.65
2012-10-26 01:00:00,27.895
2012-10-26 02:00:00,10.425
2012-10-26 03:00:00,6.855
2012-10-26 04:00:00,7.045
2012-10-26 05:00:00,40.27
2012-10-26 06:00:00,145.09
2012-10-26 07:00:00,433.91
2012-10-26 08:00:00,724.4
2012-10-26 09:00:00,355.0275
2012-10-26 10:00:00,200.975
2012-10-26 11:00:00,231.62
2012-10-26 12:00:00,300.445
2012-10-26 13:00:00,308.935
2012-10-26 14:00:00,363.04
2012-10-26 15:00:00,378.65
2012-10-26 16:00:00,467.56
2012-10-26 17:00:00,625.075
2012-10-26 18:00:00,453.845
2012-10-26 19:00:00,310.145
2012-10-26 20:00:00,265.305
2012-10-26 21:00:00,252.495
2012-10-26 22:00:00,198.35
2012-10-26 23:00:00,170.905
2012-10-27 00:00:00,166.03
2012-10-27 01:00:00,105.79416666666668
2012-10-27 02:00:00,66.7
2012-10-27 03:00:00,42.115
2012-10-27 04:00:00,16.26
2012-10-27 05:00:00,22.395
2012-10-27 06:00:00,29.465
2012-10-27 07:00:00,75.325
2012-10-27 08:00:00,178.995
2012-10-27 09:00:00,306.915
2012-10-27 10:00:00,394.785
2012-10-27 11:00:00,488.235
2012-10-27 12:00:00,629.495
2012-10-27 13:00:00,651.54
2012-10-27 14:00:00,622.95
2012-10-27 15:00:00,486.03
2012-10-27 16:00:00,488.465
2012-10-27 17:00:00,492.29
2012-10-27 18:00:00,453.205
2012-10-27 19:00:00,336.195
2012-10-27 20:00:00,256.945
2012-10-27 21:00:00,218.625
2012-10-27 22:00:00,195.26
2012-10-27 23:00:00,146.555
2012-10-28 00:00:00,122.465
2012-10-28 01:00:00,114.2
2012-10-28 02:00:00,81.97
2012-10-28 03:00:00,40.525
2012-10-28 04:00:00,16.555
2012-10-28 05:00:00,22.06
2012-10-28 06:00:00,22.81
2012-10-28 07:00:00,47.51
2012-10-28 08:00:00,119.77
2012-10-28 09:00:00,251.74
2012-10-28 10:00:00,342.47
2012-10-28 11:00:00,461.07
2012-10-28 12:00:00,481.18
2012-10-28 13:00:00,485.57
2012-10-28 14:00:00,499.775
2012-10-28 15:00:00,494.69
2012-10-28 16:00:00,400.78
2012-10-28 17:00:00,354.54
2012-10-28 18:00:00,169.435
2012-10-28 19:00:00,140.605
2012-10-28 20:00:00,129.085
2012-10-28 21:00:00,105.545
2012-10-28 22:00:00,90.325
2012-10-28 23:00:00,76.415
2012-10-29 00:00:00,29.79
2012-10-30 13:00:00,103.625
2012-10-30 14:00:00,102.63
2012-10-30 15:00:00,104.125
2012-10-30 16:00:00,256.76
2012-10-30 17:00:00,504.34
2012-10-30 18:00:00,475.255
2012-10-30 19:00:00,504.74
2012-10-30 20:00:00,201.715
2012-10-30 21:00:00,178.215
2012-10-30 22:00:00,135.805
2012-10-30 23:00:00,120.245
2012-10-31 00:00:00,34.235
2012-10-31 01:00:00,17.05
2012-10-31 02:00:00,6.57
2012-10-31 03:00:00,5.045
2012-10-31 04:00:00,6.505
2012-10-31 05:00:00,32.92
2012-10-31 06:00:00,157.55
2012-10-31 07:00:00,383.735
2012-10-31 08:00:00,706.165
2012-10-31 09:00:00,341.79958333333326
2012-10-31 10:00:00,170.815
2012-10-31 11:00:00,186.16
2012-10-31 12:00:00,259.03
2012-10-31 13:00:00,256.805
2012-10-31 14:00:00,226.965
2012-10-31 15:00:00,288.255
2012-10-31 16:00:00,356.185
2012-10-31 17:00:00,592.315
2012-10-31 18:00:00,612.2
2012-10-31 19:00:00,429.67
2012-10-31 20:00:00,291.255
2012-10-31 21:00:00,218.085
2012-10-31 22:00:00,169.95
2012-10-31 23:00:00,139.91
2012-11-20 00:00:00,34.705
2012-11-20 01:00:00,14.76
2012-11-20 02:00:00,6.63
2012-11-20 03:00:00,4.51
2012-11-20 04:00:00,8.575
2012-11-20 05:00:00,39.185
2012-11-20 06:00:00,135.4
2012-11-20 07:00:00,379.65
2012-11-20 08:00:00,664.13
2012-11-20 09:00:00,343.255
2012-11-20 10:00:00,177.49
2012-11-20 11:00:00,201.605
2012-11-20 12:00:00,244.31
2012-11-20 13:00:00,250.065
2012-11-20 14:00:00,226.355
2012-11-20 15:00:00,266.955
2012-11-20 16:00:00,353.895
2012-11-20 17:00:00,574.065
2012-11-20 18:00:00,534.115
2012-11-20 19:00:00,394.05
2012-11-20 20:00:00,263.275
2012-11-20 21:00:00,207.815
2012-11-20 22:00:00,167.825
2012-11-20 23:00:00,133.93
2012-11-21 00:00:00,36.76
2012-11-21 01:00:00,17.585
2012-11-21 02:00:00,6.625
2012-11-21 03:00:00,5.54
2012-11-21 04:00:00,6.05
2012-11-21 05:00:00,29.875
2012-11-21 06:00:00,130.205
2012-11-21 07:00:00,379.5
2012-11-21 08:00:00,643.955
2012-11-21 09:00:00,330.27041666666673
2012-11-21 10:00:00,181.03
2012-11-21 11:00:00,206.76
2012-11-21 12:00:00,236.525
2012-11-21 13:00:00,238.575
2012-11-21 14:00:00,256.0
2012-11-21 15:00:00,286.49
2012-11-21 16:00:00,372.61
2012-11-21 17:00:00,606.96
2012-11-21 18:00:00,543.515
2012-11-21 19:00:00,390.85
2012-11-21 20:00:00,264.63
2012-11-21 21:00:00,212.445
2012-11-21 22:00:00,145.17
2012-11-21 23:00:00,135.465
2012-11-22 00:00:00,78.455
2012-11-22 01:00:00,59.3075
2012-11-22 02:00:00,18.68
2012-11-22 03:00:00,8.38
2012-11-22 04:00:00,7.91
2012-11-22 05:00:00,20.525
2012-11-22 06:00:00,39.355
2012-11-22 07:00:00,69.77
2012-11-22 08:00:00,131.71
2012-11-22 09:00:00,206.62
2012-11-22 10:00:00,336.96
2012-11-22 11:00:00,470.03
2012-11-22 12:00:00,548.7
2012-11-22 13:00:00,587.38
2012-11-22 14:00:00,576.855
2012-11-22 15:00:00,573.585
2012-11-22 16:00:00,563.97
2012-11-22 17:00:00,490.73
2012-11-22 18:00:00,330.395
2012-11-22 19:00:00,254.195
2012-11-22 20:00:00,213.465
2012-11-22 21:00:00,196.87
2012-11-22 22:00:00,154.85
2012-11-22 23:00:00,143.22
2012-11-23 00:00:00,48.665
2012-11-23 01:00:00,24.735
2012-11-23 02:00:00,10.46
2012-11-23 03:00:00,9.0575
2012-11-23 04:00:00,8.68
2012-11-23 05:00:00,31.44
2012-11-23 06:00:00,131.175
2012-11-23 07:00:00,360.21
2012-11-23 08:00:00,611.905
2012-11-23 09:00:00,332.09841666666665
2012-11-23 10:00:00,187.82
2012-11-23 11:00:00,236.54
2012-11-23 12:00:00,285.065
2012-11-23 13:00:00,301.755
2012-11-23 14:00:00,349.16
2012-11-23 15:00:00,336.775
2012-11-23 16:00:00,438.82925
2012-11-23 17:00:00,739.53
2012-11-23 18:00:00,673.635
2012-11-23 19:00:00,543.255
2012-11-23 20:00:00,296.75
2012-11-23 21:00:00,233.135
2012-11-23 22:00:00,172.6
2012-11-23 23:00:00,116.915
2012-11-24 00:00:00,111.935
2012-11-24 01:00:00,101.5875
2012-11-24 02:00:00,47.485
2012-11-24 03:00:00,18.35
2012-11-24 04:00:00,7.93
2012-11-24 05:00:00,8.06
2012-11-24 06:00:00,20.875
2012-11-24 07:00:00,78.87
2012-11-24 08:00:00,147.885
2012-11-24 09:00:00,189.705
2012-11-24 10:00:00,211.535
2012-11-24 11:00:00,236.035
2012-11-24 12:00:00,264.53
2012-11-24 13:00:00,303.825
2012-11-24 14:00:00,304.02
2012-11-24 15:00:00,250.88
2012-11-24 16:00:00,218.08
2012-11-24 17:00:00,195.61
2012-11-24 18:00:00,182.775
2012-11-24 19:00:00,170.225
2012-11-24 20:00:00,152.28
2012-11-24 21:00:00,130.985
2012-11-24 22:00:00,107.43
2012-11-24 23:00:00,87.265
2012-11-25 00:00:00,108.935
2012-11-25 01:00:00,125.59
2012-11-25 02:00:00,51.64
2012-11-25 03:00:00,26.575
2012-11-25 04:00:00,8.79
2012-11-25 05:00:00,8.285
2012-11-25 06:00:00,17.565
2012-11-25 07:00:00,51.845
2012-11-25 08:00:00,117.08
2012-11-25 09:00:00,160.75
2012-11-25 10:00:00,193.665
2012-11-25 11:00:00,225.165
2012-11-25 12:00:00,242.775
2012-11-25 13:00:00,244.815
2012-11-25 14:00:00,263.76
2012-11-25 15:00:00,254.685
2012-11-25 16:00:00,230.145
2012-11-25 17:00:00,201.18
2012-11-25 18:00:00,178.855
2012-11-25 19:00:00,179.525
2012-11-25 20:00:00,164.125
2012-11-25 21:00:00,142.725
2012-11-25 22:00:00,102.235
2012-11-25 23:00:00,70.72
2012-11-26 00:00:00,26.495
2012-11-26 01:00:00,14.425
2012-11-26 02:00:00,4.36
2012-11-26 03:00:00,5.635
2012-11-26 04:00:00,8.09
2012-11-26 05:00:00,38.185
2012-11-26 06:00:00,139.685
2012-11-26 07:00:00,381.675
2012-11-26 08:00:00,662.005
2012-11-26 09:00:00,310.47541666666666
2012-11-26 10:00:00,193.675
2012-11-26 11:00:00,220.97
2012-11-26 12:00:00,242.99
2012-11-26 13:00:00,235.28
2012-11-26 14:00:00,236.015
2012-11-26 15:00:00,242.37
2012-11-26 16:00:00,380.845
2012-11-26 17:00:00,607.245
2012-11-26 18:00:00,566.8
2012-11-26 19:00:00,373.26
2012-11-26 20:00:00,260.47
2012-11-26 21:00:00,199.895
2012-11-26 22:00:00,138.145
2012-11-26 23:00:00,111.615
2012-11-27 00:00:00,31.785
2012-11-27 01:00:00,14.825
2012-11-27 02:00:00,6.435
2012-11-27 03:00:00,4.585
2012-11-27 04:00:00,6.34
2012-11-27 05:00:00,32.09
2012-11-27 06:00:00,132.175
2012-11-27 07:00:00,205.14
2012-11-27 08:00:00,345.705
2012-11-27 09:00:00,316.21583333333336
2012-11-27 10:00:00,126.5
2012-11-27 11:00:00,121.705
2012-11-27 12:00:00,145.44
2012-11-27 13:00:00,155.53
2012-11-27 14:00:00,147.6
2012-11-27 15:00:00,187.025
2012-11-27 16:00:00,299.69
2012-11-27 17:00:00,531.57
2012-11-27 18:00:00,492.4
2012-11-27 19:00:00,350.22
2012-11-27 20:00:00,195.885
2012-11-27 21:00:00,145.405
2012-11-27 22:00:00,111.875
2012-11-27 23:00:00,85.93
2012-11-28 00:00:00,36.455
2012-11-28 01:00:00,26.055
2012-11-28 02:00:00,10.72
2012-11-28 03:00:00,4.535
2012-11-28 04:00:00,6.86
2012-11-28 05:00:00,35.565
2012-11-28 06:00:00,138.075
2012-11-28 07:00:00,365.605
2012-11-28 08:00:00,645.92
2012-11-28 09:00:00,326.24
2012-11-28 10:00:00,190.39
2012-11-28 11:00:00,188.655
2012-11-28 12:00:00,225.32
2012-11-28 13:00:00,239.06
2012-11-28 14:00:00,217.395
2012-11-28 15:00:00,246.295
2012-11-28 16:00:00,355.965
2012-11-28 17:00:00,589.595
2012-11-28 18:00:00,538.45
2012-11-28 19:00:00,391.245
2012-11-28 20:00:00,244.675
2012-11-28 21:00:00,180.265
2012-11-28 22:00:00,119.55
2012-11-28 23:00:00,84.77
2012-11-29 00:00:00,40.33
2012-11-29 01:00:00,18.26
2012-11-29 02:00:00,7.565
2012-11-29 04:00:00,6.67
2012-11-29 05:00:00,35.16
2012-11-29 06:00:00,141.24
2012-11-29 07:00:00,375.715
2012-11-29 08:00:00,633.74
2012-11-29 09:00:00,327.01666666666665
2012-11-29 10:00:00,186.535
2012-11-29 11:00:00,208.485
2012-11-29 12:00:00,246.525
2012-11-29 13:00:00,245.905
2012-11-29 14:00:00,227.345
2012-11-29 15:00:00,255.02
2012-11-29 16:00:00,367.87
2012-11-29 17:00:00,594.255
2012-11-29 18:00:00,556.015
2012-11-29 19:00:00,381.375
2012-11-29 20:00:00,244.3
2012-11-29 21:00:00,168.3
2012-11-29 22:00:00,143.92
2012-11-29 23:00:00,135.61
2012-11-30 00:00:00,45.525
2012-11-30 01:00:00,25.23
2012-11-30 02:00:00,10.29
2012-11-30 03:00:00,9.7475
2012-11-30 04:00:00,9.49
2012-11-30 05:00:00,31.99
2012-11-30 06:00:00,130.465
2012-11-30 07:00:00,354.77
2012-11-30 08:00:00,580.19
2012-11-30 09:00:00,340.62833333333333
2012-11-30 10:00:00,191.825
2012-11-30 11:00:00,199.59
2012-11-30 12:00:00,247.205
2012-11-30 13:00:00,266.69
2012-11-30 14:00:00,252.36
2012-11-30 15:00:00,266.085
2012-11-30 16:00:00,393.8033333333333
2012-11-30 17:00:00,593.825
2012-11-30 18:00:00,496.205
2012-11-30 19:00:00,359.525
2012-11-30 20:00:00,239.39
2012-11-30 21:00:00,189.815
2012-11-30 22:00:00,155.035
2012-11-30 23:00:00,137.435
2012-12-20 00:00:00,47.615
2012-12-20 01:00:00,19.965
2012-12-20 02:00:00,12.435
2012-12-20 03:00:00,5.025
2012-12-20 04:00:00,6.865
2012-12-20 05:00:00,34.45
2012-12-20 06:00:00,139.285
2012-12-20 07:00:00,378.66
2012-12-20 08:00:00,676.385
2012-12-20 09:00:00,316.04333333333335
2012-12-20 10:00:00,181.695
2012-12-20 11:00:00,179.44
2012-12-20 12:00:00,227.505
2012-12-20 13:00:00,229.055
2012-12-20 14:00:00,219.84
2012-12-20 15:00:00,239.205
2012-12-20 16:00:00,317.125
2012-12-20 17:00:00,567.225
2012-12-20 18:00:00,543.64
2012-12-20 19:00:00,324.205
2012-12-20 20:00:00,233.92
2012-12-20 21:00:00,157.36
2012-12-20 22:00:00,103.15
2012-12-20 23:00:00,93.585
2012-12-21 00:00:00,56.29
2012-12-21 01:00:00,25.35
2012-12-21 02:00:00,10.46
2012-12-21 03:00:00,6.89
2012-12-21 04:00:00,7.825
2012-12-21 05:00:00,30.515
2012-12-21 06:00:00,105.38
2012-12-21 07:00:00,325.735
2012-12-21 08:00:00,601.24
2012-12-21 09:00:00,298.66966666666667
2012-12-21 10:00:00,176.675
2012-12-21 11:00:00,177.98
2012-12-21 12:00:00,196.755
2012-12-21 13:00:00,197.71
2012-12-21 14:00:00,197.81
2012-12-21 15:00:00,191.245
2012-12-21 16:00:00,312.87
2012-12-21 17:00:00,442.965
2012-12-21 18:00:00,414.19
2012-12-21 19:00:00,288.94
2012-12-21 20:00:00,201.73
2012-12-21 21:00:00,156.83
2012-12-21 22:00:00,112.665
2012-12-21 23:00:00,86.445
2012-12-22 00:00:00,104.555
2012-12-22 01:00:00,99.7125
2012-12-22 02:00:00,50.945
2012-12-22 03:00:00,20.505
2012-12-22 04:00:00,8.165
2012-12-22 05:00:00,8.005
2012-12-22 06:00:00,16.945
2012-12-22 07:00:00,69.75
2012-12-22 08:00:00,132.52
2012-12-22 09:00:00,174.115
2012-12-22 10:00:00,212.025
2012-12-22 11:00:00,238.16
2012-12-22 12:00:00,264.985
2012-12-22 13:00:00,303.035
2012-12-22 14:00:00,302.02
2012-12-22 15:00:00,288.8
2012-12-22 16:00:00,236.115
2012-12-22 17:00:00,201.69
2012-12-22 18:00:00,184.75
2012-12-22 19:00:00,154.41
2012-12-22 20:00:00,148.49
2012-12-22 21:00:00,123.955
2012-12-22 22:00:00,91.99
2012-12-22 23:00:00,78.855
2012-12-23 00:00:00,107.455
2012-12-23 01:00:00,119.13
2012-12-23 02:00:00,55.48
2012-12-23 03:00:00,32.985
2012-12-23 04:00:00,10.6
2012-12-23 05:00:00,8.77
2012-12-23 06:00:00,12.665
2012-12-23 07:00:00,41.115
2012-12-23 08:00:00,94.395
2012-12-23 09:00:00,146.385
2012-12-23 10:00:00,186.715
2012-12-23 11:00:00,202.49
2012-12-23 12:00:00,273.76
2012-12-23 13:00:00,301.46
2012-12-23 14:00:00,364.485
2012-12-23 15:00:00,381.925
2012-12-23 16:00:00,344.795
2012-12-23 17:00:00,260.26
2012-12-23 18:00:00,203.88
2012-12-23 19:00:00,213.72
2012-12-23 20:00:00,169.74
2012-12-23 21:00:00,137.195
2012-12-23 22:00:00,100.605
2012-12-23 23:00:00,85.105
2012-12-24 00:00:00,27.125
2012-12-24 01:00:00,13.385
2012-12-24 02:00:00,4.735
2012-12-24 03:00:00,5.475
2012-12-24 05:00:00,33.215
2012-12-24 06:00:00,127.01
2012-12-24 07:00:00,326.935
2012-12-24 08:00:00,583.155
2012-12-24 09:00:00,262.74833333333333
2012-12-24 10:00:00,155.85
2012-12-24 11:00:00,155.735
2012-12-24 12:00:00,191.88
2012-12-24 13:00:00,149.505
2012-12-24 14:00:00,148.275
2012-12-24 15:00:00,138.635
2012-12-24 16:00:00,194.52
2012-12-24 17:00:00,310.465
2012-12-24 18:00:00,312.5
2012-12-24 19:00:00,283.905
2012-12-24 20:00:00,152.14
2012-12-24 21:00:00,142.465
2012-12-24 22:00:00,113.875
2012-12-24 23:00:00,85.91
2012-12-25 00:00:00,57.595
2012-12-25 01:00:00,36.615
2012-12-25 02:00:00,20.92
2012-12-25 04:00:00,8.505
2012-12-25 05:00:00,12.53
2012-12-25 06:00:00,38.21
2012-12-25 07:00:00,52.83
2012-12-25 08:00:00,115.91
2012-12-25 09:00:00,152.135
2012-12-25 10:00:00,210.905
2012-12-25 11:00:00,243.27
2012-12-25 12:00:00,306.7
2012-12-25 13:00:00,413.59
2012-12-25 14:00:00,419.095
2012-12-25 15:00:00,395.825
2012-12-25 16:00:00,383.755
2012-12-25 17:00:00,234.125
2012-12-25 18:00:00,228.785
2012-12-25 19:00:00,217.5
2012-12-25 20:00:00,207.045
2012-12-25 21:00:00,158.845
2012-12-25 22:00:00,115.5
2012-12-25 23:00:00,67.365
2012-12-26 00:00:00,45.525
2012-12-26 01:00:00,30.57
2012-12-26 02:00:00,12.725
2012-12-26 03:00:00,5.445
2012-12-26 04:00:00,7.655
2012-12-26 05:00:00,33.895
2012-12-26 06:00:00,124.75
2012-12-26 07:00:00,212.72
2012-12-26 08:00:00,344.585
2012-12-26 09:00:00,171.175
2012-12-26 10:00:00,129.605
2012-12-26 11:00:00,128.425
2012-12-26 12:00:00,146.05
2012-12-26 13:00:00,145.02
2012-12-26 14:00:00,136.59
2012-12-26 15:00:00,149.005
2012-12-26 16:00:00,185.81
2012-12-26 17:00:00,305.665
2012-12-26 18:00:00,299.695
2012-12-26 19:00:00,220.59
2012-12-26 20:00:00,152.55
2012-12-26 21:00:00,165.24
2012-12-26 22:00:00,102.875
2012-12-26 23:00:00,66.955
2012-12-27 00:00:00,40.225
2012-12-27 01:00:00,18.31
2012-12-27 02:00:00,11.765
2012-12-27 03:00:00,3.69
2012-12-27 04:00:00,7.375
2012-12-27 05:00:00,33.195
2012-12-27 06:00:00,113.43
2012-12-27 07:00:00,331.73
2012-12-27 08:00:00,596.26
2012-12-27 09:00:00,294.465
2012-12-27 10:00:00,153.465
2012-12-27 11:00:00,153.625
2012-12-27 12:00:00,193.405
2012-12-27 13:00:00,193.105
2012-12-27 14:00:00,165.33
2012-12-27 15:00:00,169.89
2012-12-27 16:00:00,274.82
2012-12-27 17:00:00,441.09
2012-12-27 18:00:00,418.745
2012-12-27 19:00:00,296.08
2012-12-27 20:00:00,166.84
2012-12-27 21:00:00,146.01
2012-12-27 22:00:00,112.665
2012-12-27 23:00:00,87.695
2012-12-28 00:00:00,49.365
2012-12-28 01:00:00,23.475
2012-12-28 02:00:00,10.32
2012-12-28 03:00:00,6.14
2012-12-28 04:00:00,7.48875
2012-12-28 05:00:00,31.74
2012-12-28 06:00:00,115.535
2012-12-28 07:00:00,313.855
2012-12-28 08:00:00,562.82
2012-12-28 09:00:00,299.318
2012-12-28 10:00:00,159.195
2012-12-28 11:00:00,172.905
2012-12-28 12:00:00,199.345
2012-12-28 13:00:00,199.41
2012-12-28 14:00:00,196.865
2012-12-28 15:00:00,218.33
2012-12-28 16:00:00,315.935
2012-12-28 17:00:00,436.915
2012-12-28 18:00:00,395.065
2012-12-28 19:00:00,297.39
2012-12-28 20:00:00,179.98
2012-12-28 21:00:00,146.255
2012-12-28 22:00:00,114.075
2012-12-28 23:00:00,93.185
2012-12-29 00:00:00,103.105
2012-12-29 01:00:00,98.945
2012-12-29 02:00:00,50.805
2012-12-29 03:00:00,25.025
2012-12-29 04:00:00,8.02
2012-12-29 05:00:00,8.01
2012-12-29 06:00:00,15.55
2012-12-29 07:00:00,54.475
2012-12-29 08:00:00,114.16
2012-12-29 09:00:00,183.57
2012-12-29 10:00:00,181.705
2012-12-29 11:00:00,192.395
2012-12-29 12:00:00,196.725
2012-12-29 13:00:00,197.725
2012-12-29 14:00:00,217.46
2012-12-29 15:00:00,211.245
2012-12-29 16:00:00,239.745
2012-12-29 17:00:00,202.13
2012-12-29 18:00:00,202.93
2012-12-29 19:00:00,189.365
2012-12-29 20:00:00,169.645
2012-12-29 21:00:00,140.25
2012-12-29 22:00:00,112.735
2012-12-29 23:00:00,92.105
2012-12-30 00:00:00,112.225
2012-12-30 01:00:00,116.725
2012-12-30 02:00:00,55.815
2012-12-30 03:00:00,24.445
2012-12-30 04:00:00,8.625
2012-12-30 05:00:00,7.97
2012-12-30 06:00:00,13.585
2012-12-30 07:00:00,42.875
2012-12-30 08:00:00,104.62
2012-12-30 09:00:00,149.32
2012-12-30 10:00:00,209.435
2012-12-30 11:00:00,224.605
2012-12-30 12:00:00,247.135
2012-12-30 13:00:00,260.43
2012-12-30 14:00:00,261.55
2012-12-30 15:00:00,244.71
2012-12-30 16:00:00,213.275
2012-12-30 17:00:00,192.255
2012-12-30 18:00:00,166.825
2012-12-30 19:00:00,226.54
2012-12-30 20:00:00,146.645
2012-12-30 21:00:00,116.175
2012-12-30 22:00:00,83.925
2012-12-30 23:00:00,65.825
2012-12-31 00:00:00,28.545
2012-12-31 01:00:00,11.16
2012-12-31 02:00:00,5.325
2012-12-31 03:00:00,6.55
2012-12-31 04:00:00,8.05
2012-12-31 05:00:00,36.225
2012-12-31 06:00:00,123.995
2012-12-31 07:00:00,323.07
2012-12-31 08:00:00,551.93
2012-12-31 09:00:00,255.99833333333336
2012-12-31 10:00:00,133.34
2012-12-31 11:00:00,131.085
2012-12-31 12:00:00,144.285
2012-12-31 13:00:00,180.755
2012-12-31 14:00:00,183.81
2012-12-31 15:00:00,191.665
2012-12-31 16:00:00,269.195
2012-12-31 17:00:00,453.37
2012-12-31 18:00:00,416.365
2012-12-31 19:00:00,299.455
2012-12-31 20:00:00,181.83
2012-12-31 21:00:00,155.33
2012-12-31 22:00:00,112.735
2012-12-31 23:00:00,68.785
